YrTm,#Bat,BatAge,R/G,G,PA,AB,R,H,2B,3B,HR,RBI,SB,CS,BB,SO,BA,OBP,SLG,OPS,OPS+,TB,GDP,HBP,SH,SF,IBB,LOB,Team,Year,#P,PAge,RA/G,W,L,pctwon,ERA,GS,GF,CG,tSho,cSho,SV,IP,ER,BK,WP,BF,ERA+,FIP,WHIP,H9,HR9,BB9,SO9,SO/W,#Fld,A,Ch,DP,DefEff,E,Fld%,Inn,PO,Rdrs,Rdrs/yr,Rtot,Rtot/yr,mariners,payroll_opday,Payroll_avgsalary,Payroll_mediansalary,payroll_opday_log,rank,mgr_mdsn_change,mgr_new,mgr_yrs,mgr_3+seasons
2002BAL,46,29.2,4.12,162,6096,5491,667,1353,311,27,165,636,110,48,452,993,0.246,0.309,0.403,0.712,92,2213,128,64,40,49,25,1037,BAL,2002,20,27.8,4.77,67,95,0.414,4.46,162,154,8,3,1,31,1450.2,719,1,54,6258,97,4.74,1.406,9.3,1.3,3.4,6.0,1.76,46,1720,6163,173,0.701,91,0.985,13056.0,4352,,,43,4,0,60493487,1890421,300000,7.781708619078537,4.0,0,0,3,1
2002BOS,39,29.9,5.3,162,6332,5640,859,1560,348,33,177,810,80,28,545,944,0.277,0.345,0.444,0.789,106,2505,139,72,22,53,39,1175,BOS,2002,18,31.1,4.1,93,69,0.574,3.75,162,157,5,17,3,51,1446.0,603,6,31,6049,122,3.74,1.223,8.3,0.9,2.7,7.2,2.69,39,1645,6087,140,0.702,104,0.983,13014.0,4338,,,62,6,0,108366060,3612202,2287500,8.034893283468653,2.0,0,1,1,0
2002CHW,35,28.9,5.28,162,6208,5502,856,1475,289,29,217,819,75,31,555,952,0.268,0.338,0.449,0.787,107,2473,111,49,48,53,17,1085,CHW,2002,16,25.8,4.93,81,81,0.5,4.53,162,155,7,7,4,35,1423.0,716,6,54,6131,99,4.61,1.37,9.0,1.2,3.3,6.0,1.79,35,1595,5961,157,0.706,97,0.984,12807.0,4269,,,13,1,0,57052833,2113068,575000,7.756277214498661,2.0,0,0,5,1
2002CLE,59,30.4,4.56,162,6099,5423,739,1349,255,26,192,706,52,37,542,1000,0.249,0.321,0.412,0.733,96,2232,149,56,39,39,35,1066,CLE,2002,31,28.1,5.17,74,88,0.457,4.91,162,153,9,4,2,34,1424.2,777,8,52,6271,90,4.16,1.482,9.5,0.9,3.8,6.7,1.75,59,1662,6049,161,0.674,113,0.981,12822.0,4274,,,-49,-5,0,78909449,2630315,1650000,7.8971290108501595,3.0,1,1,1,0
2002DET,57,28.1,3.57,161,5920,5406,575,1340,265,37,124,546,65,44,363,1035,0.248,0.3,0.379,0.679,86,2051,125,64,30,57,22,1029,DET,2002,30,28.1,5.37,55,106,0.342,4.92,161,150,11,7,4,33,1414.0,773,8,59,6215,87,4.44,1.454,10.1,1.0,2.9,5.1,1.71,56,1719,6103,148,0.678,142,0.977,12726.0,4242,,,-41,-4,0,55048000,1966000,1000000,7.740741544838336,5.0,1,1,1,0
2002KCR,52,29.3,4.55,162,6206,5535,737,1415,285,42,140,695,140,65,524,921,0.256,0.323,0.398,0.721,84,2204,106,52,44,51,27,1092,KCR,2002,26,27.8,5.5,62,100,0.383,5.21,162,150,12,6,4,30,1441.0,834,6,68,6386,96,4.91,1.498,9.9,1.3,3.6,5.7,1.59,52,1702,6157,153,0.685,130,0.979,12969.0,4325,,,-21,-2,0,47257000,1629552,800000,7.674466148003077,4.0,1,1,1,0
2002LAA,40,28.3,5.25,162,6327,5678,851,1603,333,32,152,811,117,51,462,805,0.282,0.341,0.433,0.773,105,2456,105,74,49,64,42,1165,LAA,2002,18,30.2,3.98,99,63,0.611,3.69,162,155,7,14,2,54,1452.1,595,7,52,6097,120,4.25,1.277,8.3,1.0,3.2,6.2,1.96,40,1575,6020,151,0.718,87,0.986,13071.0,4358,,,98,9,0,61721667,2204345,450000,7.790437647124174,2.0,0,0,3,1
2002MIN,42,26.6,4.77,161,6196,5582,768,1518,348,36,167,731,79,62,472,1089,0.272,0.332,0.437,0.769,103,2439,121,56,34,52,30,1124,MIN,2002,19,28.8,4.42,94,67,0.584,4.12,161,153,8,9,5,47,1444.2,662,3,62,6133,109,4.2,1.31,9.1,1.1,2.7,6.4,2.34,42,1422,5830,124,0.703,74,0.987,13002.0,4334,,,21,2,0,40225000,1547115,475000,7.604496052771067,1.0,0,1,1,0
2002NYY,38,29.9,5.57,161,6377,5601,897,1540,314,12,223,857,100,38,640,1171,0.275,0.354,0.455,0.809,114,2547,150,72,23,41,48,1191,NYY,2002,17,33.1,4.33,103,58,0.64,3.87,161,152,9,11,5,53,1452.0,625,2,59,6159,114,3.62,1.27,8.9,0.9,2.5,7.0,2.82,37,1524,6006,117,0.688,127,0.979,13068.0,4355,,,-56,-5,0,125928583,4342365,2500000,8.100124316527893,1.0,0,0,7,1
2002OAK,41,28.6,4.94,162,6291,5558,800,1450,279,28,205,772,46,20,609,1008,0.261,0.339,0.432,0.771,106,2400,128,68,20,36,37,1197,OAK,2002,17,27.4,4.04,103,59,0.636,3.68,162,153,9,19,5,48,1452.0,593,9,40,6158,118,3.87,1.284,8.6,0.8,2.9,6.3,2.15,41,1798,6257,144,0.704,102,0.984,13068.0,4357,,,-6,-1,0,40004167,1481636,812500,7.602105231599203,1.0,0,0,7,1
2002SEA,40,31.2,5.02,162,6362,5569,814,1531,285,31,152,771,137,58,629,1003,0.275,0.35,0.419,0.769,107,2334,123,51,41,72,62,1239,SEA,2002,19,30.2,4.31,93,69,0.574,4.07,162,154,8,12,3,43,1445.1,654,3,42,6117,105,4.11,1.289,8.9,1.1,2.7,6.6,2.41,38,1515,5939,134,0.703,88,0.985,13008.0,4336,,,5,0,1,80282668,3211307,3333333,7.904621796780374,3.0,0,0,10,1
2002TBD,43,27.0,4.18,161,6198,5604,673,1418,297,35,133,640,102,45,456,1115,0.253,0.314,0.39,0.704,89,2184,116,58,44,36,29,1132,TBD,2002,22,26.9,5.7,55,106,0.342,5.29,161,149,12,3,1,25,1440.1,846,10,62,6424,84,5.11,1.518,9.8,1.3,3.9,5.8,1.49,43,1567,6014,168,0.687,126,0.979,12963.0,4321,,,-8,-1,0,34380000,1227857,267500,7.536305872351034,5.0,0,0,2,0
2002TEX,51,29.0,5.2,162,6332,5618,843,1510,304,27,230,806,62,34,554,1055,0.269,0.338,0.455,0.794,104,2558,129,62,48,50,45,1155,TEX,2002,27,29.7,5.44,72,90,0.444,5.15,162,158,4,4,2,33,1439.2,824,11,84,6446,92,4.84,1.526,9.6,1.2,4.2,6.4,1.54,51,1683,6100,152,0.688,99,0.984,12957.0,4318,,,-22,-2,0,105726122,3645728,2000000,8.024182302717714,4.0,0,0,2,0
2002TOR,45,27.2,5.02,162,6230,5581,813,1457,305,38,187,771,71,18,522,1142,0.261,0.327,0.43,0.757,96,2399,130,53,17,57,30,1104,TOR,2002,24,27.4,5.11,78,84,0.481,4.8,162,156,6,6,2,41,1438.1,767,4,57,6338,96,4.56,1.456,9.4,1.1,3.7,6.2,1.68,45,1613,6035,159,0.69,107,0.982,12945.0,4315,,,-7,-1,0,76864333,2650494,1650000,7.885724862888527,3.0,1,1,1,0
2003BAL,42,29.3,4.56,163,6241,5665,743,1516,277,24,152,695,89,36,431,902,0.268,0.323,0.405,0.729,92,2297,123,54,51,40,32,1121,BAL,2003,20,29.2,5.03,71,91,0.438,4.76,163,154,9,3,1,41,1449.2,767,4,42,6366,95,4.71,1.452,9.8,1.2,3.3,6.1,1.87,42,1683,6139,164,0.684,105,0.983,13047.0,4351,-13,-1,-49,-4,0,73877500,2547500,1200000,7.8685121905774205,4.0,0,0,4,1
2003BOS,47,29.7,5.93,162,6530,5769,961,1667,371,40,238,932,88,35,620,943,0.289,0.36,0.491,0.851,118,2832,126,53,24,64,61,1224,BOS,2003,26,31.2,4.99,95,67,0.586,4.48,162,157,5,6,0,36,1464.2,729,0,44,6355,104,3.99,1.359,9.2,0.9,3.0,7.0,2.34,47,1679,6186,130,0.683,113,0.982,13182.0,4394,-23,-2,-49,-4,0,99946500,3701722,2000000,7.9997675902770355,2.0,0,0,2,0
2003CHW,40,29.3,4.88,162,6148,5487,791,1445,303,19,220,766,77,29,519,916,0.263,0.331,0.446,0.777,101,2446,132,58,43,41,27,1074,CHW,2003,20,27.9,4.41,86,76,0.531,4.17,162,150,12,4,0,36,1431.0,663,4,39,6067,111,4.22,1.315,8.6,1.0,3.3,6.6,2.04,40,1588,5975,154,0.705,93,0.984,12879.0,4294,26,2,26,2,0,51010000,1961923,475000,7.707655323531187,2.0,0,0,6,1
2003CLE,54,27.0,4.31,162,6188,5572,699,1413,296,26,158,660,86,61,466,1062,0.254,0.316,0.401,0.717,91,2235,128,62,46,41,25,1068,CLE,2003,29,26.3,4.8,68,94,0.42,4.21,162,157,5,7,2,34,1459.1,682,7,49,6254,105,4.49,1.355,9.1,1.1,3.1,5.8,1.88,54,1780,6284,178,0.698,126,0.98,13134.0,4378,27,2,31,3,0,48584834,1567253,330000,7.68650072321267,4.0,0,1,1,0
2003DET,43,27.3,3.65,162,6071,5466,591,1312,201,39,153,553,98,63,443,1099,0.24,0.3,0.375,0.675,83,2050,114,47,65,49,24,1047,DET,2003,20,25.3,5.73,43,119,0.265,5.3,162,159,3,5,0,27,1438.2,847,5,52,6376,81,5.01,1.51,10.1,1.2,3.5,4.8,1.37,42,1813,6267,194,0.685,138,0.978,12948.0,4316,-36,-1,-43,-4,0,49168000,1891077,320000,7.691682542912303,5.0,0,1,1,0
2003KCR,53,29.2,5.16,162,6239,5568,836,1526,288,39,162,781,120,42,476,926,0.274,0.336,0.427,0.763,95,2378,128,75,63,57,32,1096,KCR,2003,29,28.0,5.35,83,79,0.512,5.05,162,155,7,10,3,36,1438.2,808,9,60,6366,97,4.86,1.484,9.8,1.2,3.5,5.4,1.53,53,1705,6129,143,0.69,108,0.982,12948.0,4316,-48,-1,-17,-2,0,40518000,1558385,313500,7.6076480001038265,3.0,0,0,2,0
2003LAA,43,29.1,4.54,162,6119,5487,736,1473,276,33,150,687,129,61,476,838,0.268,0.33,0.413,0.743,97,2265,125,56,50,50,42,1086,LAA,2003,19,29.0,4.59,77,85,0.475,4.28,162,157,5,9,2,39,1431.1,680,3,53,6161,103,4.57,1.348,9.1,1.2,3.1,6.2,2.02,43,1517,5916,138,0.702,105,0.982,12882.0,4294,22,0,86,8,0,79031667,2927099,1000000,7.897801142527179,3.0,0,0,4,1
2003MIN,42,27.2,4.94,162,6324,5655,801,1567,318,45,155,755,94,44,512,1027,0.277,0.341,0.431,0.772,102,2440,139,63,42,52,36,1166,MIN,2003,20,29.7,4.68,90,72,0.556,4.41,162,155,7,8,3,45,1462.0,716,9,62,6246,103,4.26,1.319,9.4,1.2,2.5,6.1,2.48,42,1481,5954,114,0.698,87,0.985,13158.0,4386,-6,-1,-35,-3,0,55505000,2134808,750000,7.744332106989367,1.0,0,0,2,0
2003NYY,49,30.3,5.38,163,6431,5605,877,1518,304,14,230,845,98,33,684,1042,0.271,0.356,0.453,0.81,114,2540,154,81,25,35,54,1239,NYY,2003,23,33.7,4.39,101,61,0.623,4.02,163,155,8,12,3,49,1462.0,653,0,33,6209,110,3.66,1.291,9.3,0.9,2.3,6.9,2.98,49,1578,6078,126,0.681,114,0.981,13158.0,4386,-37,-1,-66,-6,0,152749814,5455351,4575000,8.183980690084327,1.0,0,0,8,1
2003OAK,41,28.3,4.74,162,6189,5497,768,1398,317,24,176,742,48,14,556,898,0.254,0.327,0.417,0.743,96,2291,118,59,22,53,52,1130,OAK,2003,18,27.4,3.97,96,66,0.593,3.63,162,146,16,14,5,48,1441.2,582,10,41,6078,123,4.03,1.273,8.3,0.9,3.1,6.4,2.04,41,1779,6211,145,0.711,107,0.983,12975.0,4325,9,1,19,2,0,50260834,1933109,1032500,7.701229690754623,1.0,0,1,1,0
2003SEA,37,32.0,4.91,162,6281,5561,795,1509,290,33,139,759,108,37,586,989,0.271,0.344,0.41,0.754,103,2282,130,53,35,46,34,1202,SEA,2003,18,29.8,3.93,93,69,0.574,3.76,162,154,8,15,3,38,1441.0,602,4,35,6025,115,4.28,1.253,8.4,1.1,2.9,6.3,2.15,36,1450,5838,159,0.721,65,0.989,12969.0,4323,41,4,75,7,1,86959167,3220710,3150000,7.939315370900729,2.0,0,1,1,0
2003TBD,51,26.3,4.41,162,6212,5654,715,1501,298,38,137,678,142,42,420,1030,0.265,0.32,0.404,0.724,94,2286,108,56,32,50,46,1129,TBD,2003,24,26.4,5.26,63,99,0.389,4.93,162,155,7,7,3,30,1436.2,787,9,65,6340,90,5.12,1.457,9.1,1.2,4.0,5.5,1.37,50,1580,5993,158,0.708,103,0.983,12930.0,4310,17,2,-12,-1,0,19630000,785200,300000,7.292920299600006,5.0,0,1,1,0
2003TEX,52,28.4,5.1,162,6293,5664,826,1506,274,36,239,799,65,25,488,1052,0.266,0.33,0.454,0.784,96,2569,115,75,24,42,31,1141,TEX,2003,27,28.1,5.98,71,91,0.438,5.67,162,158,4,3,2,43,1433.1,903,8,51,6413,89,4.9,1.554,10.2,1.3,3.8,6.3,1.67,52,1699,6090,168,0.674,94,0.985,12900.0,4297,67,1,-43,-4,0,103491667,3449722,1150000,8.014905382434375,4.0,0,1,1,0
2003TOR,40,28.3,5.52,162,6364,5661,894,1580,357,33,190,853,37,25,546,1081,0.279,0.349,0.455,0.803,107,2573,146,90,11,56,40,1175,TOR,2003,22,29.0,5.1,86,76,0.531,4.69,162,148,14,6,4,35,1435.0,748,2,56,6270,101,4.46,1.425,9.8,1.2,3.0,6.2,2.03,40,1742,6165,161,0.681,117,0.981,12915.0,4306,-48,-1,-50,-5,0,51269000,1898852,600000,7.709854846624769,3.0,0,0,2,0
2004BAL,47,30.4,5.2,162,6431,5736,842,1614,319,18,169,803,101,41,528,949,0.281,0.345,0.432,0.776,103,2476,126,57,46,62,34,1216,BAL,2004,22,27.4,5.12,78,84,0.481,4.7,162,154,8,10,4,27,1455.1,760,9,68,6459,97,4.52,1.495,9.2,1.0,4.2,6.7,1.59,46,1683,6159,161,0.686,110,0.982,13098.0,4366,-42,-1,-13,-1,0,51623333,1843690,887500,7.712846040827358,3.0,0,1,1,0
2004BOS,50,30.4,5.86,162,6515,5720,949,1613,373,25,222,912,68,30,659,1189,0.282,0.36,0.472,0.832,110,2702,123,69,12,55,39,1257,BOS,2004,26,32.5,4.74,98,64,0.605,4.18,162,158,4,12,1,36,1451.1,674,1,39,6222,116,4.03,1.293,8.9,1.0,2.8,7.0,2.53,49,1650,6122,129,0.693,118,0.981,13062.0,4354,-22,-2,-2,0,0,127298500,4243283,3087500,8.104823286249406,2.0,0,1,1,0
2004CHW,42,28.6,5.34,162,6197,5534,865,1481,284,19,242,823,78,51,499,1030,0.268,0.333,0.457,0.79,102,2529,119,63,58,42,25,1031,CHW,2004,22,28.2,5.13,83,79,0.512,4.91,162,154,8,8,2,34,1432.1,782,3,43,6189,96,4.87,1.419,9.5,1.4,3.3,6.4,1.92,42,1667,6064,167,0.693,100,0.984,12891.0,4297,35,3,-4,0,0,65212500,2508173,775000,7.814330849730431,2.0,0,1,1,0
2004CLE,52,28.6,5.3,162,6452,5676,858,1565,345,29,184,820,94,55,606,1009,0.276,0.351,0.444,0.795,111,2520,143,78,47,42,41,1197,CLE,2004,30,27.3,5.29,80,82,0.494,4.81,162,154,8,8,3,32,1466.2,784,6,43,6450,91,4.62,1.454,9.5,1.2,3.6,6.8,1.93,51,1676,6182,152,0.684,106,0.983,13200.0,4400,-7,-1,-20,-2,0,34319300,1143977,325000,7.535538421098647,3.0,0,0,2,0
2004DET,39,28.1,5.1,162,6285,5623,827,1531,284,54,201,800,86,50,518,1144,0.272,0.337,0.449,0.786,108,2526,110,50,50,43,32,1116,DET,2004,18,27.5,5.21,72,90,0.444,4.93,162,155,7,9,4,35,1439.2,788,6,71,6296,91,4.6,1.439,9.6,1.2,3.3,6.2,1.88,39,1712,6175,160,0.681,144,0.977,12957.0,4319,-38,-4,-19,-2,0,46832000,1672571,362500,7.670542705089717,4.0,0,0,2,0
2004KCR,58,29.0,4.44,162,6153,5538,720,1432,261,29,150,675,67,48,461,1057,0.259,0.322,0.397,0.72,86,2201,130,76,40,38,28,1099,KCR,2004,25,27.4,5.59,58,104,0.358,5.15,162,156,6,3,2,25,1420.1,813,10,60,6320,93,4.92,1.518,10.4,1.3,3.3,5.6,1.71,58,1635,6027,169,0.674,131,0.978,12783.0,4261,-24,0,-52,-5,0,47609000,1586967,436250,7.677689059461427,5.0,0,0,3,1
2004LAA,38,28.9,5.16,162,6296,5675,836,1603,272,37,162,783,143,46,450,942,0.282,0.341,0.429,0.77,102,2435,123,73,56,41,43,1133,LAA,2004,16,29.0,4.53,92,70,0.568,4.28,162,160,2,11,2,50,1454.1,692,7,61,6246,104,4.09,1.36,9.1,1.1,3.1,7.2,2.32,38,1511,5964,126,0.688,90,0.985,13089.0,4363,-15,-1,-10,-1,0,100534667,3723506,2150000,8.002315843753594,1.0,0,0,5,1
2004MIN,42,27.8,4.81,162,6286,5623,780,1494,310,24,191,735,116,46,513,982,0.266,0.332,0.431,0.763,96,2425,130,64,46,40,42,1110,MIN,2004,18,28.2,4.41,92,70,0.568,4.03,162,158,4,9,4,48,1476.0,661,1,45,6269,117,3.98,1.324,9.3,1.0,2.6,6.8,2.61,42,1658,6187,158,0.684,101,0.984,13284.0,4428,-9,-1,-33,-3,0,53585000,2060962,525000,7.729043235048537,1.0,0,0,3,1
2004NYY,43,32.2,5.54,162,6364,5527,897,1483,281,20,242,863,84,33,670,982,0.268,0.353,0.458,0.811,111,2530,157,80,37,50,40,1190,NYY,2004,23,32.9,4.99,101,61,0.623,4.69,162,161,1,5,0,59,1443.2,752,4,57,6240,96,4.27,1.369,9.6,1.1,2.8,6.6,2.38,43,1571,6001,148,0.685,99,0.984,12993.0,4331,-78,-1,-54,-5,0,184193950,6351516,3100000,8.265275361339842,1.0,0,0,9,1
2004OAK,36,29.6,4.9,162,6459,5728,793,1545,336,15,189,752,47,22,608,1061,0.27,0.343,0.433,0.776,102,2478,142,55,25,43,40,1274,OAK,2004,17,28.4,4.58,91,71,0.562,4.17,162,152,10,8,3,35,1471.1,682,5,39,6313,109,4.34,1.366,9.0,1.0,3.3,6.3,1.9,36,1809,6314,172,0.698,91,0.986,13242.0,4414,-12,-1,19,2,0,59425667,2122345,1357500,7.77397406499498,2.0,0,0,2,0
2004SEA,48,31.5,4.31,162,6362,5722,698,1544,276,20,136,658,110,42,492,1058,0.27,0.331,0.396,0.727,91,2268,131,54,46,48,49,1241,SEA,2004,23,30.4,5.08,63,99,0.389,4.76,162,155,7,7,2,28,1459.1,772,7,45,6389,95,4.85,1.421,9.2,1.3,3.5,6.4,1.8,48,1473,5954,140,0.699,103,0.983,13134.0,4378,29,3,19,2,1,81515834,2911280,2658333,7.911241976235813,4.0,0,0,2,0
2004TBD,48,28.1,4.43,161,6098,5483,714,1416,278,46,145,685,132,42,469,944,0.258,0.32,0.405,0.725,91,2221,97,55,35,56,33,1096,TBD,2004,24,27.5,5.23,70,91,0.435,4.81,161,158,3,5,0,35,1417.0,757,7,55,6261,94,4.93,1.439,9.3,1.2,3.7,5.9,1.59,47,1530,5900,139,0.699,119,0.98,12753.0,4251,4,0,38,4,0,29556667,1094691,650000,7.47065545864295,4.0,0,0,2,0
2004TEX,52,27.7,5.31,162,6256,5615,860,1492,323,34,227,825,69,36,500,1099,0.266,0.329,0.457,0.786,96,2564,91,61,23,57,41,1098,TEX,2004,30,30.6,4.9,89,73,0.549,4.53,162,157,5,9,2,52,1439.2,724,11,34,6345,111,4.64,1.447,9.6,1.1,3.4,6.1,1.79,52,1602,6007,152,0.686,115,0.981,12957.0,4290,-19,-2,-23,-2,0,55050417,1898290,550000,7.740760613046427,3.0,0,0,2,0
2004TOR,47,27.9,4.47,161,6178,5531,719,1438,290,34,145,680,58,31,513,1083,0.26,0.328,0.403,0.732,87,2231,139,71,20,42,25,1164,TOR,2004,25,28.6,5.11,67,94,0.416,4.91,161,155,6,11,4,37,1421.0,775,11,60,6281,98,4.77,1.487,9.5,1.1,3.9,6.1,1.57,47,1631,5985,150,0.691,91,0.985,12789.0,4263,41,1,-20,-2,0,50017000,1923731,825000,7.699117639363333,5.0,1,1,1,0
2005BAL,46,31.5,4.5,162,6134,5551,729,1492,296,27,189,700,83,37,447,902,0.269,0.327,0.434,0.761,102,2409,145,54,40,42,31,1103,BAL,2005,20,28.3,4.94,74,88,0.457,4.56,162,160,2,9,0,38,1427.2,724,11,70,6242,95,4.51,1.428,9.2,1.1,3.7,6.6,1.81,46,1679,6068,154,0.692,107,0.982,12849.0,4282,12,1,3,0,0,73914333,2639798,962500,7.868728662200492,4.0,1,1,1,0
2005BOS,52,31.3,5.62,162,6403,5626,910,1579,339,21,199,863,45,12,653,1044,0.281,0.357,0.454,0.811,111,2557,135,47,14,63,34,1249,BOS,2005,26,33.6,4.97,95,67,0.586,4.74,162,156,6,8,0,38,1429.0,752,4,56,6227,96,4.28,1.393,9.8,1.0,2.8,6.0,2.18,52,1623,6019,135,0.682,109,0.982,12861.0,4287,-32,-1,-73,-7,0,123505125,4410897,2875000,8.09168497956361,2.0,0,0,2,0
2005CHW,38,29.3,4.57,162,6146,5529,741,1450,253,23,200,713,137,67,435,1002,0.262,0.322,0.425,0.747,95,2349,122,79,53,49,27,1032,CHW,2005,17,29.3,3.98,99,63,0.611,3.61,162,153,9,10,4,54,1475.2,592,9,65,6176,125,4.12,1.254,8.5,1.0,2.8,6.3,2.27,37,1670,6191,166,0.711,94,0.985,13281.0,4427,45,1,7,1,0,75178000,2784370,2000000,7.876090767766229,1.0,0,0,2,0
2005CLE,38,27.5,4.88,162,6255,5609,790,1522,337,30,207,760,62,36,503,1093,0.271,0.334,0.453,0.787,111,2540,128,54,39,50,33,1148,CLE,2005,17,29.2,3.96,93,69,0.574,3.61,162,156,6,10,0,51,1452.2,582,4,26,6048,117,3.92,1.223,8.4,1.0,2.6,6.5,2.54,36,1646,6110,156,0.709,106,0.983,13074.0,4358,32,3,67,6,0,41502500,1431121,500000,7.61807425824229,2.0,0,0,3,1
2005DET,45,28.5,4.46,162,6136,5602,723,1521,283,45,168,678,66,28,384,1038,0.272,0.321,0.428,0.75,100,2398,137,53,44,52,24,1077,DET,2005,23,28.0,4.86,71,91,0.438,4.51,162,155,7,2,0,37,1435.2,719,5,53,6139,94,4.57,1.369,9.4,1.2,2.9,5.7,1.97,45,1791,6208,171,0.695,110,0.982,12921.0,4307,34,3,12,1,0,69092000,2467571,962500,7.839427764349724,4.0,0,0,3,1
2005KCR,46,28.0,4.33,162,6086,5503,701,1445,289,34,126,653,53,33,424,1008,0.263,0.32,0.396,0.716,91,2180,139,63,46,50,23,1062,KCR,2005,22,25.7,5.77,56,106,0.346,5.49,162,158,4,4,0,25,1413.1,862,9,69,6370,80,4.74,1.571,10.4,1.1,3.7,5.9,1.59,45,1646,6011,163,0.666,125,0.979,12720.0,4240,-114,-11,-77,-7,0,36881000,1365963,352000,7.566802688102689,5.0,1,1,1,0
2005LAA,40,29.8,4.7,162,6186,5624,761,1520,278,30,147,726,161,57,447,848,0.27,0.325,0.409,0.734,96,2299,125,29,43,39,51,1086,LAA,2005,18,28.5,3.97,95,67,0.586,3.68,162,155,7,11,3,54,1464.1,598,1,70,6158,116,3.89,1.272,8.7,1.0,2.7,6.9,2.54,40,1521,6001,139,0.7,87,0.986,13179.0,4393,30,0,26,2,0,87575322,3127690,925000,7.942381742821772,1.0,0,0,6,1
2005MIN,37,27.6,4.25,162,6192,5564,688,1441,269,32,134,644,102,44,485,978,0.259,0.323,0.391,0.714,88,2176,155,59,42,42,49,1109,MIN,2005,15,27.9,4.09,83,79,0.512,3.71,162,153,9,8,4,44,1464.1,604,4,35,6072,120,4.0,1.233,9.0,1.0,2.1,5.9,2.77,37,1764,6259,171,0.702,102,0.984,13179.0,4393,41,4,33,3,0,56186000,2080963,750000,7.749628114854059,3.0,0,0,4,1
2005NYY,51,32.2,5.47,162,6406,5624,886,1552,259,16,229,847,84,27,637,989,0.276,0.355,0.45,0.805,115,2530,125,73,28,43,41,1264,NYY,2005,28,34.2,4.87,95,67,0.586,4.52,162,154,8,14,4,46,1430.2,718,6,37,6182,94,4.28,1.369,9.4,1.0,2.9,6.2,2.13,51,1688,6075,151,0.69,95,0.984,12876.0,4292,-117,-2,-63,-6,0,208306817,8011801,5833333,8.318703482799588,1.0,0,0,10,1
2005OAK,41,28.6,4.77,162,6275,5627,772,1476,310,20,155,739,31,22,537,819,0.262,0.33,0.407,0.737,96,2291,148,52,19,40,22,1170,OAK,2005,20,26.6,4.06,88,74,0.543,3.69,162,153,9,12,2,38,1450.1,594,3,41,6080,118,4.08,1.254,8.2,1.0,3.1,6.7,2.13,41,1649,6088,166,0.715,88,0.986,13053.0,4351,35,1,62,6,0,55425762,2131760,591666,7.74371167256001,2.0,0,0,3,1
2005SEA,48,28.7,4.31,162,6095,5507,699,1408,289,34,130,657,102,47,466,986,0.256,0.317,0.391,0.709,92,2155,115,48,37,37,50,1076,SEA,2005,21,31.4,4.64,69,93,0.426,4.49,162,156,6,7,2,39,1427.2,712,4,36,6172,94,4.56,1.386,9.3,1.1,3.1,5.6,1.8,48,1575,5944,144,0.701,86,0.986,12849.0,4283,1,0,-8,-1,1,87754334,2742323,800000,7.943268574548735,4.0,0,1,1,0
2005TBD,43,27.5,4.63,162,6120,5552,750,1519,289,40,157,717,151,49,412,990,0.274,0.329,0.425,0.754,101,2359,133,69,34,51,25,1065,TBD,2005,21,27.4,5.78,67,95,0.414,5.39,162,161,1,4,0,43,1421.2,851,5,53,6384,81,4.89,1.537,9.9,1.2,3.9,6.0,1.54,43,1446,5835,139,0.681,124,0.979,12795.0,4265,-14,0,-44,-4,0,29679067,1023416,600000,7.472450244210746,5.0,0,0,3,1
2005TEX,50,27.9,5.34,162,6301,5716,865,1528,311,29,260,834,67,15,495,1112,0.267,0.329,0.468,0.798,105,2677,123,48,9,32,20,1104,TEX,2005,30,30.5,5.3,79,83,0.488,4.96,162,160,2,6,1,46,1440.0,794,4,44,6371,93,4.37,1.466,9.9,1.0,3.3,5.8,1.79,50,1678,6106,149,0.68,108,0.982,12960.0,4320,-44,-1,-38,-4,0,55849000,1801581,650000,7.7470154012946,3.0,0,0,3,1
2005TOR,37,27.9,4.78,162,6233,5581,775,1480,307,39,136,735,72,35,486,955,0.265,0.331,0.407,0.738,94,2273,126,89,21,56,18,1118,TOR,2005,18,28.2,4.35,80,82,0.494,4.06,162,153,9,8,3,35,1447.0,653,5,39,6166,110,4.42,1.326,9.2,1.2,2.8,6.0,2.16,36,1757,6193,154,0.701,95,0.985,13023.0,4341,62,1,4,0,0,45719500,1758442,525000,7.660101472195065,3.0,0,0,2,0
2006BAL,46,30.4,4.74,162,6240,5610,768,1556,288,20,164,727,121,32,474,878,0.277,0.339,0.424,0.763,97,2376,145,73,40,41,35,1177,BAL,2006,24,27.9,5.55,70,92,0.432,5.35,162,157,5,9,1,35,1419.0,843,4,59,6327,85,5.09,1.545,10.0,1.4,3.9,6.4,1.66,46,1607,5966,156,0.678,102,0.983,12771.0,4257,-15,-1,-2,0,0,72585582,2592342,1512500,7.8608503634040945,4.0,0,0,2,0
2006BOS,53,30.4,5.06,162,6435,5619,820,1510,327,16,192,777,51,23,672,1056,0.269,0.351,0.435,0.786,98,2445,136,66,22,56,56,1301,BOS,2006,28,31.1,5.09,86,76,0.531,4.83,162,159,3,6,1,46,1441.1,773,3,52,6292,99,4.5,1.442,9.8,1.1,3.2,6.7,2.1,53,1662,6052,174,0.679,66,0.989,12972.0,4324,-54,-5,-3,0,0,120099824,4448142,3023894,8.079542370967562,3.0,0,0,3,1
2006CHW,37,29.7,5.36,162,6318,5657,868,1586,291,20,236,839,93,48,502,1056,0.28,0.342,0.464,0.806,103,2625,118,58,44,57,33,1125,CHW,2006,18,27.9,4.9,90,72,0.556,4.61,162,157,5,11,2,46,1449.0,743,1,51,6232,103,4.56,1.357,9.5,1.2,2.7,6.3,2.34,37,1655,6092,145,0.693,90,0.985,13041.0,4347,-35,-3,-31,-3,0,102750667,3951949,2325000,8.011784649754718,3.0,0,0,3,1
2006CLE,45,27.7,5.37,162,6303,5619,870,1576,351,27,196,839,55,23,556,1204,0.28,0.349,0.457,0.806,108,2569,127,54,30,43,42,1162,CLE,2006,23,28.6,4.83,78,84,0.481,4.41,162,149,13,13,6,24,1423.1,698,2,46,6190,101,4.34,1.414,10.0,1.0,2.7,6.0,2.21,45,1669,6057,165,0.675,118,0.981,12810.0,4270,-45,-1,-26,-2,0,56031500,2241260,1500000,7.748432248971281,4.0,0,0,4,1
2006DET,40,29.3,5.07,162,6198,5642,822,1548,294,40,203,785,60,40,430,1133,0.274,0.329,0.449,0.777,99,2531,120,45,45,36,27,1068,DET,2006,19,28.8,4.17,95,67,0.586,3.84,162,159,3,16,1,46,1448.0,618,2,44,6145,118,4.32,1.318,8.8,1.0,3.0,6.2,2.05,38,1780,6230,162,0.701,106,0.983,13032.0,4344,49,5,60,6,0,82612866,2950460,865000,7.917047688938747,2.0,0,1,1,0
2006KCR,55,29.7,4.67,162,6229,5589,757,1515,335,37,124,718,65,34,474,1040,0.271,0.332,0.411,0.743,91,2296,130,64,52,48,32,1144,KCR,2006,31,27.7,5.99,62,100,0.383,5.65,162,159,3,5,2,35,1426.1,896,9,85,6434,83,5.29,1.602,10.4,1.3,4.0,5.7,1.42,53,1658,6035,189,0.676,98,0.984,12837.0,4279,25,0,-8,-1,0,47294000,1630828,500000,7.674806047034301,5.0,0,0,2,0
2006LAA,40,28.8,4.73,162,6221,5609,766,1539,309,29,159,737,148,57,486,914,0.274,0.334,0.425,0.759,95,2383,126,42,31,53,49,1121,LAA,2006,18,27.9,4.52,89,73,0.549,4.04,162,157,5,12,3,50,1452.2,652,3,85,6149,112,4.03,1.295,8.7,1.0,2.9,7.2,2.47,40,1545,6027,154,0.69,124,0.979,13074.0,4358,-1,0,5,0,0,103472000,4138880,2250000,8.014822843603042,2.0,0,0,7,1
2006MIN,39,28.4,4.94,162,6228,5602,801,1608,275,34,143,754,101,42,490,872,0.287,0.347,0.425,0.771,101,2380,163,50,31,55,46,1143,MIN,2006,17,26.9,4.22,96,66,0.593,3.95,162,161,1,6,0,40,1439.1,632,3,40,6066,114,3.99,1.283,9.3,1.1,2.2,7.3,3.27,38,1647,6049,135,0.685,84,0.986,12954.0,4318,12,1,-5,0,0,63396006,2438308,900000,7.8020618978375795,1.0,0,0,5,1
2006NYY,49,30.8,5.74,162,6455,5651,930,1608,327,21,210,902,139,35,649,1053,0.285,0.363,0.461,0.824,111,2607,139,72,34,49,43,1253,NYY,2006,25,32.5,4.73,97,65,0.599,4.41,162,157,5,8,1,43,1443.2,708,7,46,6215,103,4.42,1.357,9.1,1.1,3.1,6.4,2.05,49,1593,6028,145,0.696,104,0.983,12993.0,4331,-39,-1,-24,-2,0,194663079,6952253,2925000,8.289283588360918,1.0,0,0,11,1
2006OAK,40,29.7,4.76,162,6281,5500,771,1429,266,22,175,735,61,20,650,976,0.26,0.34,0.412,0.752,97,2264,170,50,25,56,28,1187,OAK,2006,21,27.0,4.49,93,69,0.574,4.21,162,157,5,11,2,54,1451.2,679,4,43,6279,106,4.42,1.415,9.5,1.0,3.3,6.2,1.9,39,1626,6065,173,0.688,84,0.986,13065.0,4355,3,0,-7,-1,0,62243079,2489723,800000,7.794091067908939,1.0,0,0,4,1
2006SEA,49,28.6,4.67,162,6213,5670,756,1540,266,42,172,703,106,37,404,974,0.272,0.325,0.424,0.749,95,2406,117,63,38,38,49,1110,SEA,2006,25,28.0,4.89,78,84,0.481,4.6,162,156,6,6,2,47,1446.2,739,6,47,6294,97,4.59,1.424,9.3,1.1,3.5,6.6,1.91,49,1630,6058,150,0.69,88,0.985,13020.0,4340,57,5,13,1,1,87959833,3257772,650000,7.944284396140693,4.0,0,0,2,0
2006TBD,49,27.3,4.25,162,6041,5474,689,1395,267,33,190,650,134,52,441,1106,0.255,0.314,0.42,0.733,89,2298,101,47,35,43,23,1038,TBD,2006,25,27.0,5.28,61,101,0.377,4.96,162,159,3,7,2,33,1420.1,782,8,70,6374,92,4.83,1.553,10.1,1.1,3.8,6.2,1.62,49,1594,5971,156,0.671,116,0.981,12783.0,4261,-35,-1,-59,-6,0,35417967,1264927,550000,7.549223628959614,5.0,0,1,1,0
2006TEX,51,28.4,5.15,162,6273,5659,835,1571,357,23,183,799,53,24,505,1061,0.278,0.338,0.446,0.784,101,2523,148,40,18,50,35,1139,TEX,2006,26,28.3,4.84,80,82,0.494,4.6,162,159,3,8,1,42,1431.1,731,4,34,6237,101,4.44,1.435,9.8,1.0,3.1,6.1,1.96,51,1748,6140,174,0.678,98,0.984,12882.0,4294,10,1,-36,-3,0,68228662,2200925,750000,7.8339668546198675,3.0,0,0,4,1
2006TOR,42,28.6,4.99,162,6241,5596,809,1591,348,27,199,778,65,33,514,906,0.284,0.348,0.463,0.811,108,2590,166,63,16,52,31,1162,TOR,2006,21,28.1,4.65,87,75,0.537,4.37,162,156,6,6,1,42,1428.1,694,13,53,6151,105,4.51,1.366,9.1,1.2,3.2,6.8,2.13,42,1712,6096,157,0.693,99,0.984,12855.0,4285,42,4,33,3,0,71915000,2663519,2200000,7.856819484788921,2.0,0,0,3,1
2007BAL,49,30.4,4.67,162,6264,5631,756,1529,306,30,142,718,144,42,500,939,0.272,0.333,0.412,0.746,95,2321,139,47,38,47,31,1152,BAL,2007,27,29.0,5.36,69,93,0.426,5.17,162,158,4,9,1,30,1438.2,827,8,55,6418,89,4.79,1.52,9.3,1.0,4.4,6.8,1.56,49,1690,6085,155,0.686,79,0.987,12948.0,4316,-10,0,-7,-1,0,93554808,3341243,3000000,7.971066111816918,4.0,1,1,1,0
2007BOS,40,30.1,5.35,162,6426,5589,867,1561,352,35,166,829,96,24,689,1042,0.279,0.362,0.444,0.806,107,2481,146,64,30,54,54,1291,BOS,2007,20,31.1,4.06,96,66,0.593,3.87,162,157,5,13,3,45,1438.2,618,0,33,6071,123,4.14,1.273,8.4,0.9,3.0,7.2,2.38,40,1538,5935,145,0.704,81,0.986,12948.0,4316,-1,0,75,7,0,143026214,5108079,3591666,8.155415642725162,1.0,0,0,4,1
2007CHW,43,29.7,4.28,162,6103,5441,693,1341,249,20,190,667,78,45,532,1149,0.246,0.318,0.404,0.722,86,2200,138,52,41,35,33,1074,CHW,2007,21,27.7,5.18,72,90,0.444,4.77,162,153,9,9,4,42,1440.2,763,0,45,6293,99,4.56,1.426,9.7,1.1,3.1,6.3,2.03,43,1604,6034,168,0.68,108,0.982,12966.0,4322,-62,-6,-49,-5,0,108671833,4179686,2325000,8.03611699249604,4.0,0,0,4,1
2007CLE,41,28.0,5.01,162,6367,5604,811,1504,305,27,178,784,72,41,590,1202,0.268,0.343,0.428,0.771,102,2397,114,80,32,59,56,1215,CLE,2007,21,29.4,4.35,96,66,0.593,4.05,162,153,9,9,4,49,1462.2,658,2,42,6206,112,4.06,1.319,9.3,0.9,2.5,6.4,2.55,41,1697,6177,167,0.685,92,0.985,13164.0,4388,3,0,3,0,0,61673267,2126664,916667,7.790096954790693,1.0,0,0,5,1
2007DET,44,30.9,5.48,162,6364,5757,887,1652,352,50,177,857,103,30,474,1054,0.287,0.345,0.458,0.802,108,2635,128,56,31,45,45,1148,DET,2007,25,28.5,4.92,88,74,0.543,4.57,162,161,1,9,1,44,1447.1,735,8,75,6345,100,4.67,1.426,9.3,1.1,3.5,6.5,1.85,44,1635,6076,148,0.69,99,0.984,13026.0,4342,40,1,7,1,0,95180369,3172679,1900000,7.978547384160502,2.0,0,0,2,0
2007KCR,45,28.0,4.36,162,6140,5534,706,1447,300,46,102,660,78,44,428,1069,0.261,0.322,0.388,0.71,87,2145,151,89,41,47,34,1089,KCR,2007,23,27.1,4.8,69,93,0.426,4.48,162,160,2,6,0,36,1437.1,716,4,56,6253,102,4.55,1.438,9.7,1.1,3.3,6.2,1.91,45,1553,5971,160,0.681,106,0.982,12936.0,4312,42,4,18,2,0,67116500,2165048,550000,7.8268293007658265,5.0,0,0,3,1
2007LAA,42,28.6,5.07,162,6198,5554,822,1578,324,23,123,776,139,55,507,883,0.284,0.345,0.417,0.762,99,2317,146,40,32,65,55,1100,LAA,2007,18,28.4,4.51,94,68,0.58,4.23,162,157,5,9,3,43,1435.0,674,5,69,6161,107,4.1,1.364,9.3,0.9,3.0,7.3,2.42,42,1550,5956,154,0.678,101,0.983,12915.0,4305,-10,-1,13,1,0,109251333,3641711,1425000,8.038426744599096,1.0,0,0,8,1
2007MIN,42,28.5,4.43,162,6161,5522,718,1460,273,36,118,671,112,30,512,839,0.264,0.33,0.391,0.721,94,2159,149,48,34,45,41,1121,MIN,2007,19,27.4,4.48,79,83,0.488,4.15,162,157,5,8,3,38,1436.2,663,5,46,6133,103,4.37,1.34,9.4,1.2,2.6,6.9,2.6,42,1611,6017,151,0.685,96,0.984,12930.0,4310,21,2,-5,0,0,71439500,2551411,1000000,7.853938406294811,3.0,0,0,6,1
2007NYY,49,30.6,5.98,162,6528,5717,968,1656,326,32,201,929,123,40,637,991,0.29,0.366,0.463,0.829,116,2649,138,78,41,54,32,1249,NYY,2007,28,31.4,4.8,94,68,0.58,4.49,162,161,1,5,0,34,1450.2,724,6,59,6308,101,4.51,1.431,9.3,0.9,3.6,6.3,1.75,49,1588,6028,174,0.689,88,0.985,13056.0,4352,-12,0,10,1,0,189639045,6539277,1500000,8.277927759596325,2.0,0,0,12,1
2007OAK,54,29.0,4.57,162,6365,5577,741,1430,295,16,171,711,52,20,664,1119,0.256,0.338,0.407,0.745,101,2270,142,49,18,56,29,1258,OAK,2007,24,26.9,4.68,76,86,0.469,4.28,162,158,4,9,1,36,1448.0,689,4,52,6247,99,4.24,1.38,9.1,0.9,3.3,6.4,1.95,52,1687,6121,153,0.691,90,0.985,13032.0,4344,11,1,-13,-1,0,79366940,2834534,1575000,7.899639636362924,3.0,0,1,1,0
2007SEA,44,29.9,4.9,162,6209,5684,794,1629,284,22,153,754,81,30,389,861,0.287,0.337,0.425,0.762,103,2416,154,62,33,40,32,1128,SEA,2007,23,28.1,5.02,88,74,0.543,4.73,162,156,6,12,4,43,1434.1,754,10,59,6313,92,4.42,1.481,9.9,0.9,3.4,6.4,1.87,43,1656,6049,167,0.672,90,0.985,12909.0,4303,-47,-1,-32,-3,1,106460833,3942994,1350000,8.027189859975831,2.0,1,1,1,0
2007TBD,45,25.9,4.83,162,6280,5593,782,1500,291,36,187,750,131,48,545,1324,0.268,0.336,0.433,0.769,103,2424,119,53,34,52,31,1166,TBD,2007,24,27.0,5.83,66,96,0.407,5.53,162,160,2,2,1,28,1429.2,879,2,55,6403,82,4.7,1.551,10.4,1.3,3.6,7.5,2.1,45,1548,5954,155,0.652,117,0.98,12867.0,4289,-81,-8,-68,-6,0,24123500,893463,411000,7.382440318410617,5.0,0,0,2,0
2007TEX,50,29.4,5.04,162,6214,5555,816,1460,298,36,179,768,88,25,503,1224,0.263,0.328,0.426,0.754,97,2367,129,56,57,42,27,1092,TEX,2007,25,27.7,5.21,75,87,0.463,4.75,162,162,0,6,0,42,1430.0,755,4,66,6389,96,4.83,1.534,9.6,1.0,4.2,6.1,1.46,50,1745,6159,179,0.679,124,0.98,12870.0,4290,0,0,8,1,0,68318675,2439953,550000,7.834539434879885,4.0,0,1,1,0
2007TOR,46,30.4,4.65,162,6197,5536,753,1434,344,24,165,719,57,22,533,1044,0.259,0.327,0.419,0.746,95,2321,127,47,33,48,32,1112,TOR,2007,23,27.3,4.31,83,79,0.512,4.0,162,151,11,9,2,44,1448.2,644,3,42,6108,112,4.28,1.285,8.6,1.0,3.0,6.6,2.23,45,1853,6301,160,0.703,102,0.984,13038.0,4346,83,8,58,5,0,81942800,3034919,1025000,7.913510799790094,3.0,0,0,4,1
2008BAL,46,30.1,4.86,161,6211,5559,782,1486,322,30,172,750,81,37,533,990,0.267,0.333,0.429,0.762,100,2384,111,42,27,48,37,1134,BAL,2008,26,27.9,5.4,68,93,0.422,5.13,161,157,4,4,1,35,1422.0,810,7,72,6414,87,5.14,1.565,9.7,1.2,4.3,5.8,1.34,46,1661,6027,163,0.687,100,0.983,12798.0,4266,-20,-2,-3,0,0,67196246,2099883,477500,7.827345011342148,5.0,0,0,2,0
2008BOS,47,29.8,5.22,162,6402,5596,845,1565,353,33,173,807,120,35,646,1068,0.28,0.358,0.447,0.805,107,2503,147,70,28,62,49,1262,BOS,2008,23,29.2,4.28,95,67,0.586,4.01,162,157,5,16,2,47,1446.1,645,2,43,6180,116,4.09,1.325,8.5,0.9,3.4,7.4,2.16,46,1597,6021,149,0.698,85,0.986,13017.0,4339,14,0,22,2,0,133390035,4763930,2500000,8.125123386505853,2.0,0,0,5,1
2008CHW,39,30.6,4.98,163,6231,5553,811,1458,296,13,235,785,67,34,540,1016,0.263,0.332,0.448,0.78,102,2485,157,63,28,47,33,1067,CHW,2008,19,28.3,4.47,89,74,0.546,4.06,163,159,4,10,0,34,1457.2,658,3,54,6218,112,4.0,1.325,9.1,1.0,2.8,7.1,2.49,38,1730,6211,155,0.686,108,0.983,13119.0,4373,-35,-1,-42,-4,0,120794332,4645936,2775000,8.08204655647986,1.0,0,0,5,1
2008CLE,49,27.6,4.97,162,6299,5543,805,1455,339,22,171,772,77,29,560,1213,0.262,0.339,0.424,0.763,103,2351,123,103,43,49,44,1184,CLE,2008,28,28.6,4.7,81,81,0.5,4.45,162,152,10,13,5,31,1437.0,711,5,44,6164,95,4.33,1.374,9.6,1.1,2.8,6.2,2.22,48,1689,6094,182,0.685,94,0.985,12933.0,4311,24,2,16,2,0,78970066,3037310,2175000,7.897462500979048,3.0,0,0,6,1
2008DET,46,30.3,5.07,162,6331,5641,821,1529,293,41,200,780,63,31,572,1076,0.271,0.34,0.444,0.784,105,2504,144,44,30,44,23,1159,DET,2008,25,29.9,5.29,74,88,0.457,4.9,162,161,1,2,0,34,1445.0,786,7,65,6411,91,4.79,1.512,9.6,1.1,4.0,6.2,1.54,46,1634,6082,172,0.683,113,0.981,13005.0,4335,-29,-3,-19,-2,0,137685196,4589507,1487500,8.13888724714771,5.0,0,0,3,1
2008KCR,43,28.0,4.27,162,6118,5608,691,1507,303,28,120,650,79,38,392,1005,0.269,0.32,0.397,0.717,91,2226,144,50,32,36,31,1073,KCR,2008,25,27.6,4.82,75,87,0.463,4.48,162,160,2,8,0,44,1445.2,720,5,68,6214,96,4.21,1.375,9.2,1.0,3.2,6.8,2.11,43,1548,5981,159,0.688,96,0.984,13011.0,4337,-65,-1,10,1,0,58245500,2240212,1306250,7.765262377755372,4.0,0,1,1,0
2008LAA,41,29.0,4.72,162,6155,5540,765,1486,274,25,159,721,129,48,481,987,0.268,0.33,0.413,0.743,95,2287,140,52,32,50,52,1087,LAA,2008,19,27.6,4.3,100,62,0.617,3.99,162,155,7,10,1,66,1451.1,644,2,50,6161,112,4.12,1.317,9.0,1.0,2.8,6.9,2.42,41,1646,6091,159,0.691,91,0.985,13062.0,4354,-6,0,25,2,0,118825333,4243762,1325000,8.074909040049564,1.0,0,0,9,1
2008MIN,40,26.2,5.09,163,6331,5641,829,1572,298,49,111,791,102,42,529,979,0.279,0.34,0.408,0.748,102,2301,142,36,52,72,48,1140,MIN,2008,19,27.5,4.57,88,75,0.54,4.16,163,158,5,10,2,42,1459.0,675,4,45,6221,101,4.3,1.353,9.7,1.1,2.5,6.1,2.45,39,1682,6167,168,0.684,108,0.982,13131.0,4377,-29,-3,-19,-2,0,56932766,2277311,1050000,7.755362283923189,2.0,0,0,7,1
2008NYY,51,31.3,4.87,162,6257,5572,789,1512,289,20,180,758,118,39,535,1015,0.271,0.342,0.427,0.769,101,2381,149,80,31,39,36,1160,NYY,2008,27,30.6,4.49,89,73,0.549,4.28,162,161,1,11,0,42,1441.2,685,5,55,6175,103,3.96,1.364,9.2,0.9,3.1,7.1,2.33,51,1586,5994,141,0.682,83,0.986,12975.0,4325,-38,-1,10,1,0,209081577,6744567,1875000,8.320315767108777,3.0,0,1,1,0
2008OAK,51,27.2,4.01,161,6138,5451,646,1318,270,23,125,610,88,21,574,1226,0.242,0.318,0.369,0.686,87,2009,126,48,30,35,23,1166,OAK,2008,24,26.5,4.29,75,86,0.466,4.01,161,157,4,7,1,33,1435.0,640,4,30,6112,103,4.19,1.352,8.6,0.8,3.6,6.7,1.84,49,1573,5976,169,0.699,98,0.984,12915.0,4305,58,5,23,2,0,47967126,1713112,455000,7.680943698042034,3.0,0,0,2,0
2008SEA,44,29.7,4.14,162,6176,5643,671,1498,285,20,124,631,90,32,417,890,0.265,0.318,0.389,0.707,90,2195,137,38,36,42,44,1151,SEA,2008,22,28.5,5.01,61,101,0.377,4.73,162,158,4,4,0,36,1435.1,754,5,60,6368,90,4.59,1.512,9.7,1.0,3.9,6.4,1.62,44,1654,6059,160,0.679,99,0.984,12918.0,4306,16,1,-15,-1,1,117666482,4525634,1650000,8.070652769083651,4.0,1,1,1,0
2008TBD,46,27.0,4.78,162,6312,5541,774,1443,284,37,180,735,142,50,626,1224,0.26,0.34,0.422,0.762,101,2341,111,68,23,52,33,1215,TBD,2008,21,27.5,4.14,97,65,0.599,3.82,162,155,7,12,5,52,1457.2,618,3,52,6145,116,4.22,1.286,8.3,1.0,3.2,7.1,2.17,45,1495,5958,153,0.708,90,0.985,13119.0,4373,15,1,26,2,0,43820597,1460687,414650,7.641678289975931,1.0,0,0,3,1
2008TEX,55,27.7,5.56,162,6478,5728,901,1619,376,35,194,867,81,25,595,1207,0.283,0.354,0.462,0.816,114,2647,117,63,37,54,43,1238,TEX,2008,30,28.1,5.97,79,83,0.488,5.37,162,156,6,8,2,36,1442.0,860,9,62,6506,83,4.83,1.576,10.3,1.1,3.9,6.0,1.54,54,1676,6134,191,0.666,132,0.978,12978.0,4326,-53,-5,-23,-2,0,67712326,2334908,810000,7.830667732592499,2.0,0,0,2,0
2008TOR,43,31.0,4.41,162,6191,5503,714,1453,303,32,126,681,80,27,521,938,0.264,0.331,0.399,0.731,96,2198,150,59,48,56,34,1155,TOR,2008,19,28.6,3.77,86,76,0.531,3.49,162,147,15,13,5,44,1446.2,561,4,51,6067,122,3.81,1.242,8.3,0.8,2.9,7.4,2.54,40,1699,6123,137,0.703,84,0.986,13020.0,4340,52,1,19,2,0,97793900,3621996,1550000,7.990311766045668,4.0,1,1,1,0
2009BAL,48,28.7,4.57,162,6233,5618,741,1508,307,19,160,708,76,37,517,1013,0.268,0.332,0.415,0.747,95,2333,131,39,13,46,25,1160,BAL,2009,27,28.1,5.41,64,98,0.395,5.15,162,160,2,3,0,31,1429.0,817,7,31,6359,89,5.03,1.525,10.3,1.4,3.4,5.9,1.71,48,1663,6040,151,0.68,90,0.985,12861.0,4287,-10,0,-5,-1,0,67101666,2580833,1500000,7.826733302965189,5.0,0,0,3,1
2009BOS,52,30.0,5.38,162,6344,5543,872,1495,335,25,212,822,126,39,659,1120,0.27,0.352,0.454,0.806,106,2516,137,70,19,51,39,1210,BOS,2009,27,29.8,4.54,95,67,0.586,4.35,162,154,8,11,2,41,1436.2,695,5,42,6283,107,4.14,1.409,9.4,1.0,3.3,7.7,2.32,52,1452,5844,121,0.678,82,0.986,12930.0,4310,-41,-4,-24,-2,0,121745999,4058200,1625000,8.085454697683192,2.0,0,0,6,1
2009CHW,45,29.8,4.47,162,6132,5463,724,1410,246,20,184,695,113,49,534,1022,0.258,0.329,0.411,0.74,90,2248,139,62,34,39,25,1086,CHW,2009,24,29.5,4.52,79,83,0.488,4.14,162,158,4,11,1,36,1439.2,663,5,55,6155,113,4.21,1.351,9.0,1.1,3.2,7.0,2.21,44,1669,6101,158,0.689,113,0.981,12957.0,4319,-11,-1,-38,-3,0,95628500,3825140,1225000,7.980587343616522,3.0,0,0,6,1
2009CLE,52,27.4,4.77,162,6320,5568,773,1468,314,28,161,730,84,31,582,1211,0.264,0.339,0.417,0.756,102,2321,140,81,39,50,20,1198,CLE,2009,29,27.8,5.34,65,97,0.401,5.06,162,157,5,6,2,25,1434.0,806,7,49,6354,84,4.73,1.512,9.9,1.1,3.8,6.2,1.65,51,1651,6050,170,0.681,97,0.984,12906.0,4302,-23,0,-21,-2,0,81160566,3121560,2225000,7.909345067067809,4.0,0,0,7,1
2009DET,45,29.8,4.56,163,6234,5540,743,1443,245,35,183,718,72,33,540,1114,0.26,0.331,0.416,0.747,95,2307,131,61,53,39,30,1159,DET,2009,23,26.6,4.57,86,77,0.528,4.29,163,159,4,9,1,42,1447.0,690,6,48,6240,104,4.53,1.412,9.0,1.1,3.7,6.9,1.86,44,1616,6045,164,0.694,88,0.985,13023.0,4341,31,0,37,3,0,115085145,4110184,2237500,8.061019269234643,2.0,0,0,4,1
2009KCR,43,27.6,4.23,162,6103,5532,686,1432,276,51,144,657,88,29,457,1091,0.259,0.318,0.405,0.724,92,2242,135,42,38,32,20,1090,KCR,2009,23,28.7,5.2,65,97,0.401,4.83,162,152,10,9,5,34,1426.0,765,6,89,6265,92,4.36,1.463,9.4,1.0,3.8,7.3,1.92,43,1569,5964,159,0.675,117,0.98,12834.0,4278,-99,-9,-56,-5,0,70519333,2712282,1600000,7.848308195916148,4.0,0,0,2,0
2009LAA,46,29.5,5.45,162,6305,5622,883,1604,293,33,173,841,148,63,547,1054,0.285,0.35,0.441,0.792,108,2482,128,41,43,52,32,1134,LAA,2009,25,28.6,4.7,97,65,0.599,4.45,162,153,9,13,6,51,1445.0,715,2,67,6252,99,4.45,1.409,9.4,1.1,3.3,6.6,2.03,46,1623,6043,174,0.687,85,0.986,13005.0,4335,71,7,0,0,0,113709000,4061036,1800000,8.055794840199162,1.0,0,0,10,1
2009MIN,42,27.6,5.01,163,6346,5608,817,1539,271,40,172,770,85,32,585,1021,0.274,0.345,0.429,0.774,104,2406,147,45,51,57,46,1185,MIN,2009,24,27.9,4.69,87,76,0.534,4.5,163,159,4,7,1,48,1453.0,726,3,43,6274,98,4.39,1.382,9.6,1.1,2.9,6.5,2.26,41,1565,6000,135,0.689,76,0.987,13077.0,4359,-47,-1,-36,-3,0,65299266,2251699,525000,7.81490829959144,1.0,0,0,8,1
2009NYY,45,30.5,5.65,162,6449,5660,915,1604,325,21,244,881,111,28,663,1014,0.283,0.362,0.478,0.839,114,2703,144,54,31,39,35,1238,NYY,2009,24,29.3,4.65,103,59,0.636,4.26,162,159,3,8,1,51,1450.0,687,5,66,6247,108,4.32,1.352,8.6,1.1,3.6,7.8,2.2,44,1493,5929,131,0.698,86,0.985,13050.0,4350,-24,-2,8,1,0,201449189,7748046,5200000,8.304165523332568,1.0,0,0,2,0
2009OAK,51,29.1,4.69,162,6247,5584,759,1464,307,21,135,723,133,48,527,1046,0.262,0.328,0.397,0.726,92,2218,130,50,31,54,16,1130,OAK,2009,26,25.7,4.7,75,87,0.463,4.26,162,160,2,10,2,38,1447.1,685,2,43,6243,103,4.1,1.388,9.2,1.0,3.3,7.0,2.15,50,1592,6039,155,0.682,105,0.983,13026.0,4342,-31,0,-60,-5,0,62310000,2225357,410000,7.794557751254762,4.0,0,0,3,1
2009SEA,46,29.9,3.95,162,6113,5543,640,1430,280,19,160,613,89,33,421,1093,0.258,0.314,0.402,0.716,92,2228,124,49,56,44,39,1121,SEA,2009,20,27.4,4.27,85,77,0.525,3.87,162,158,4,10,2,49,1452.2,625,5,61,6159,110,4.39,1.303,8.4,1.1,3.3,6.5,1.95,46,1525,5988,150,0.712,105,0.982,13074.0,4358,86,1,79,7,1,98904166,3532292,661250,7.995214585153361,3.0,0,1,1,0
2009TBD,41,27.8,4.96,162,6223,5462,803,1434,297,36,199,765,194,61,642,1229,0.263,0.343,0.439,0.782,106,2400,104,49,25,45,36,1151,TBD,2009,21,28.4,4.65,84,78,0.519,4.33,162,159,3,5,3,41,1427.1,686,5,46,6146,100,4.37,1.356,9.0,1.2,3.2,7.1,2.18,41,1511,5891,135,0.695,98,0.983,12846.0,4282,31,0,57,5,0,63313034,2183208,1290000,7.80149312568205,3.0,0,0,4,1
2009TEX,44,27.8,4.84,162,6127,5526,784,1436,296,27,224,748,149,36,472,1253,0.26,0.32,0.445,0.764,95,2458,97,37,40,51,23,1059,TEX,2009,23,27.7,4.57,87,75,0.537,4.38,162,154,8,11,3,45,1434.2,698,8,45,6172,106,4.49,1.368,9.0,1.1,3.3,6.4,1.91,44,1603,6013,168,0.697,106,0.982,12912.0,4304,9,0,76,7,0,68178798,2350993,555000,7.8336493402990195,2.0,0,0,3,1
2009TOR,44,29.9,4.93,162,6362,5696,798,1516,339,13,209,766,73,23,548,1028,0.266,0.333,0.44,0.773,102,2508,130,45,24,49,23,1195,TOR,2009,24,28.4,4.76,75,87,0.463,4.47,162,152,10,10,4,25,1451.0,720,4,43,6281,100,4.35,1.42,9.4,1.1,3.4,7.3,2.14,44,1740,6169,168,0.681,76,0.988,13059.0,4353,63,1,16,1,0,80538300,2876368,932500,7.906002458293375,4.0,0,0,2,0
2010BAL,45,28.6,3.78,162,6109,5554,613,1440,264,21,133,577,76,34,424,1056,0.259,0.316,0.386,0.702,92,2145,154,54,31,45,32,1139,BAL,2010,23,28.4,4.85,66,96,0.407,4.59,162,159,3,7,0,35,1436.1,733,5,45,6262,91,4.57,1.412,9.4,1.2,3.3,6.3,1.94,45,1582,5996,141,0.69,105,0.982,12927.0,4309,-26,0,-7,-1,0,81612500,3138942,1325000,7.91175668161252,5.0,1,1,1,0
2010BOS,53,30.9,5.05,162,6356,5646,818,1511,358,22,211,782,68,17,587,1140,0.268,0.339,0.451,0.79,109,2546,130,47,29,46,43,1200,BOS,2010,25,29.6,4.59,89,73,0.549,4.2,162,159,3,9,1,44,1456.2,679,3,58,6267,104,4.08,1.361,8.7,0.9,3.6,7.5,2.08,53,1588,6069,132,0.691,111,0.982,13110.0,4370,12,0,30,3,0,162447333,5601632,3750000,8.21071258565397,3.0,0,0,7,1
2010CHW,40,30.6,4.64,162,6118,5484,752,1467,263,21,177,710,160,74,467,922,0.268,0.332,0.42,0.752,102,2303,148,79,50,38,23,1046,CHW,2010,20,29.0,4.35,88,74,0.543,4.09,162,156,6,11,2,43,1446.1,658,9,59,6180,105,3.8,1.356,9.2,0.8,3.0,7.1,2.34,39,1663,6105,158,0.679,103,0.983,13017.0,4339,-62,-6,-42,-4,0,105530000,4058846,2500000,8.023375938139562,2.0,0,0,7,1
2010CLE,45,27.2,3.99,162,6165,5487,646,1362,290,20,128,601,91,33,545,1184,0.248,0.322,0.378,0.7,96,2076,118,64,36,33,34,1186,CLE,2010,22,26.6,4.64,69,93,0.426,4.3,162,152,10,4,2,34,1433.0,684,3,54,6224,92,4.4,1.43,9.3,0.9,3.6,6.1,1.69,44,1814,6223,179,0.687,110,0.982,12897.0,4299,-7,0,8,1,0,61203966,2110482,427500,7.7867795652192235,4.0,0,1,1,0
2010DET,41,29.0,4.64,162,6312,5643,751,1515,308,32,152,717,69,30,546,1147,0.268,0.335,0.415,0.75,102,2343,118,41,41,41,50,1229,DET,2010,20,26.5,4.59,81,81,0.5,4.3,162,156,6,5,1,32,1444.1,690,9,75,6198,98,4.15,1.372,9.0,0.9,3.3,6.6,1.97,41,1668,6110,171,0.688,109,0.982,12999.0,4333,-1,0,39,4,0,122864928,4550553,1500000,8.08942793048774,3.0,0,0,5,1
2010KCR,46,28.9,4.17,162,6209,5604,676,1534,279,31,121,640,115,50,471,905,0.274,0.331,0.399,0.73,100,2238,152,35,45,53,25,1173,KCR,2010,25,27.5,5.22,67,95,0.414,4.97,162,155,7,3,1,44,1436.2,794,7,55,6333,85,4.48,1.465,9.7,1.1,3.5,6.5,1.88,46,1588,6019,138,0.679,121,0.98,12930.0,4310,-95,-1,-20,-2,0,71405210,2644637,1700000,7.853729900735586,5.0,1,1,1,0
2010LAA,46,29.6,4.2,162,6089,5488,681,1363,276,19,155,656,104,52,466,1070,0.248,0.311,0.39,0.702,94,2142,125,52,42,37,28,1049,LAA,2010,21,28.3,4.33,80,82,0.494,4.04,162,152,10,9,3,39,1449.1,651,6,80,6252,99,4.11,1.371,8.8,0.9,3.5,7.0,2.0,46,1562,6023,116,0.692,113,0.981,13044.0,4348,-16,-2,-36,-3,0,104963866,3619444,2050000,8.021039818140071,3.0,0,0,11,1
2010MIN,42,28.4,4.82,162,6257,5568,781,1521,318,41,142,749,68,28,559,967,0.273,0.341,0.422,0.762,109,2347,159,39,38,53,45,1156,MIN,2010,21,28.6,4.14,94,68,0.58,3.95,162,153,9,13,3,40,1452.2,638,4,41,6106,103,3.91,1.291,9.2,1.0,2.4,6.5,2.74,41,1710,6146,150,0.69,78,0.987,13074.0,4358,-14,-1,2,0,0,97559166,3484256,1800000,7.989268079022319,1.0,0,0,9,1
2010NYY,43,30.3,5.3,162,6379,5567,859,1485,275,32,201,823,103,30,662,1136,0.267,0.35,0.436,0.786,108,2427,124,73,33,44,36,1228,NYY,2010,21,30.3,4.28,95,67,0.586,4.06,162,159,3,8,0,39,1442.1,651,6,69,6102,107,4.34,1.31,8.4,1.1,3.4,7.2,2.14,43,1522,5918,161,0.709,69,0.988,12981.0,4327,35,3,14,1,0,206333389,8253336,5500000,8.314569511468742,2.0,0,0,3,1
2010OAK,49,27.8,4.09,162,6117,5448,663,1396,276,30,109,619,156,38,527,1061,0.256,0.324,0.378,0.702,92,2059,129,47,43,51,16,1159,OAK,2010,23,26.0,3.86,81,81,0.5,3.56,162,155,7,17,3,38,1431.2,566,8,42,6011,115,4.13,1.276,8.3,1.0,3.2,6.7,2.09,49,1704,6098,147,0.711,99,0.984,12885.0,4295,76,1,33,3,0,51654900,1666287,420000,7.7131115251203965,2.0,0,0,4,1
2010SEA,47,29.5,3.17,162,5989,5409,513,1274,227,16,101,485,142,39,459,1184,0.236,0.298,0.339,0.637,79,1836,110,39,42,40,33,1116,SEA,2010,22,27.1,4.31,61,101,0.377,3.93,162,151,11,10,2,38,1438.0,628,11,73,6091,100,4.17,1.289,8.8,1.0,2.8,6.1,2.15,46,1657,6081,145,0.705,110,0.982,12942.0,4314,12,0,31,3,1,86510000,3089643,1118750,7.9370663120174285,4.0,1,1,1,0
2010TBD,37,27.5,4.95,162,6270,5439,802,1343,295,37,160,769,172,47,672,1292,0.247,0.333,0.403,0.736,105,2192,92,57,39,57,30,1152,TBD,2010,17,28.0,4.01,96,66,0.593,3.78,162,156,6,12,3,51,1453.2,611,9,60,6103,103,4.09,1.255,8.3,1.1,3.0,7.4,2.49,36,1499,5945,134,0.709,85,0.986,13083.0,4361,41,1,35,3,0,71923471,2663832,1800000,7.856870638121334,1.0,0,0,5,1
2010TEX,48,28.3,4.86,162,6302,5635,787,1556,268,25,162,740,123,48,511,986,0.276,0.338,0.419,0.757,98,2360,129,45,53,54,37,1174,TEX,2010,22,27.6,4.24,90,72,0.556,3.93,162,155,7,8,0,46,1455.1,636,4,56,6213,114,4.17,1.31,8.4,1.0,3.4,7.3,2.14,48,1499,5970,133,0.704,105,0.982,13098.0,4366,-19,-2,5,0,0,55250544,1905191,510000,7.74233655846638,1.0,0,0,4,1
2010TOR,44,29.3,4.66,162,6072,5495,755,1364,319,21,257,732,58,20,471,1164,0.248,0.312,0.454,0.766,105,2496,114,55,16,34,25,1017,TOR,2010,24,28.0,4.49,85,77,0.525,4.22,162,157,5,11,2,45,1440.2,676,3,69,6165,100,4.04,1.351,8.8,0.9,3.4,7.4,2.2,44,1691,6105,172,0.689,92,0.985,12966.0,4322,9,1,15,1,0,62234000,2074467,825000,7.794027715528888,4.0,0,0,3,1
2011BAL,50,28.3,4.37,162,6156,5585,708,1434,273,13,191,684,81,25,452,1120,0.257,0.316,0.413,0.729,97,2306,154,52,24,43,24,1069,BAL,2011,27,28.2,5.31,69,93,0.426,4.89,162,159,3,7,1,32,1446.2,786,4,32,6332,86,4.67,1.454,9.8,1.3,3.3,6.5,1.95,49,1655,6105,159,0.682,110,0.982,13020.0,4340,0,0,-59,-5,0,85304038,3280925,1425000,7.930969589662372,5.0,0,0,2,0
2011BOS,49,30.0,5.4,162,6414,5710,875,1600,352,35,203,842,102,42,578,1108,0.28,0.349,0.461,0.81,116,2631,136,50,22,50,52,1190,BOS,2011,27,30.3,4.55,90,72,0.556,4.2,162,160,2,13,1,36,1457.1,680,7,58,6242,103,4.05,1.308,8.4,1.0,3.3,7.5,2.25,49,1526,5990,120,0.701,92,0.985,13116.0,4372,21,2,10,1,0,161762475,5991203,5500000,8.208877783094971,3.0,0,0,8,1
2011CHW,42,30.0,4.04,162,6159,5502,654,1387,252,16,154,625,81,53,475,989,0.252,0.319,0.388,0.706,89,2133,125,84,52,46,31,1126,CHW,2011,22,28.5,4.36,79,83,0.488,4.1,162,156,6,14,4,42,1460.0,665,4,55,6188,106,3.66,1.303,9.0,0.9,2.7,7.5,2.78,42,1667,6126,129,0.685,79,0.987,13140.0,4380,-4,0,-11,-1,0,127789000,4732926,2750000,8.106493471624368,3.0,0,0,8,1
2011CLE,46,27.8,4.35,162,6142,5509,704,1380,290,26,154,671,89,42,494,1269,0.25,0.317,0.396,0.714,100,2184,111,65,31,43,30,1075,CLE,2011,22,26.7,4.69,80,82,0.494,4.23,162,160,2,4,0,38,1453.1,683,3,42,6235,93,4.06,1.338,9.2,0.9,2.9,6.3,2.21,45,1689,6159,130,0.692,110,0.982,13080.0,4360,-30,0,4,0,0,49190566,1639686,484200,7.691881819698233,2.0,0,0,2,0
2011DET,45,28.7,4.86,162,6231,5563,787,1540,297,34,169,750,49,20,521,1143,0.277,0.34,0.434,0.773,109,2412,142,39,50,58,47,1165,DET,2011,26,27.8,4.39,95,67,0.586,4.04,162,158,4,14,2,52,1440.0,647,5,69,6108,103,3.95,1.318,8.8,0.9,3.1,7.0,2.27,45,1639,6062,148,0.692,103,0.983,12960.0,4320,14,0,-4,0,0,105700231,3914823,1300000,8.02407593642678,1.0,0,0,6,1
2011KCR,42,25.8,4.51,162,6267,5672,730,1560,325,41,129,705,153,58,442,1006,0.275,0.329,0.415,0.744,104,2354,121,39,55,57,37,1156,KCR,2011,23,26.4,4.7,71,91,0.438,4.44,162,160,2,6,0,37,1451.1,716,7,69,6280,92,4.27,1.408,9.2,1.0,3.5,6.7,1.94,42,1700,6149,149,0.687,95,0.985,13062.0,4354,13,0,-18,-2,0,36126000,1338000,850000,7.557819877590791,4.0,0,0,2,0
2011LAA,43,28.9,4.12,162,6088,5513,667,1394,289,34,155,629,135,52,442,1086,0.253,0.313,0.402,0.714,102,2216,126,51,50,32,33,1051,LAA,2011,21,28.4,3.91,86,76,0.531,3.57,162,150,12,11,6,39,1465.0,581,4,55,6124,106,3.89,1.272,8.5,0.9,2.9,6.5,2.22,42,1723,6211,157,0.704,93,0.985,13185.0,4395,29,0,35,3,0,138543166,4469134,2000000,8.141585107947991,2.0,0,0,12,1
2011MIN,45,27.5,3.82,162,6020,5487,619,1357,259,25,103,572,92,39,440,1048,0.247,0.306,0.36,0.666,84,1975,115,37,31,25,24,1080,MIN,2011,24,28.5,4.96,63,99,0.389,4.58,162,155,7,8,3,32,1421.2,724,5,47,6210,89,4.3,1.438,9.9,1.0,3.0,6.0,1.96,44,1621,6005,153,0.677,119,0.98,12795.0,4265,-50,-5,-65,-6,0,112737000,4509480,3000000,8.052066473798158,5.0,0,0,10,1
2011NYY,48,30.6,5.35,162,6306,5518,867,1452,267,33,222,836,147,46,627,1138,0.263,0.343,0.444,0.788,110,2451,146,74,36,51,34,1114,NYY,2011,28,31.0,4.06,97,65,0.599,3.73,162,157,5,8,3,47,1458.1,605,3,67,6216,116,3.87,1.323,8.8,0.9,3.1,7.5,2.41,48,1569,6046,141,0.688,102,0.983,13125.0,4375,21,0,26,2,0,202689028,6756301,2100000,8.306830240019968,1.0,0,0,4,1
2011OAK,48,29.1,3.98,162,6104,5452,645,1330,280,29,114,612,117,43,509,1094,0.244,0.311,0.369,0.68,88,2010,119,50,34,57,20,1106,OAK,2011,26,27.4,4.19,74,88,0.457,3.71,162,156,6,12,1,39,1447.2,597,3,53,6159,109,3.8,1.312,8.6,0.8,3.2,7.2,2.24,48,1529,5996,145,0.692,124,0.979,13029.0,4343,-42,-4,-33,-3,0,66536500,2376304,1400000,7.823059952068349,4.0,1,1,1,0
2011SEA,47,29.4,3.43,162,5972,5421,556,1263,253,22,109,534,125,40,435,1280,0.233,0.292,0.348,0.64,84,1887,82,37,38,41,33,1083,SEA,2011,21,26.8,4.17,67,95,0.414,3.9,162,150,12,10,3,39,1433.0,621,6,68,6014,97,3.84,1.26,8.6,0.9,2.7,6.8,2.5,45,1623,6030,152,0.698,108,0.982,12897.0,4299,-3,0,-14,-1,1,86524600,2884153,825000,7.937139600243608,5.0,0,1,1,0
2011TBD,42,28.3,4.36,162,6152,5436,707,1324,273,37,172,674,155,62,571,1193,0.244,0.322,0.402,0.724,104,2187,101,73,37,35,31,1118,TBD,2011,21,27.8,3.79,91,71,0.562,3.58,162,147,15,13,5,32,1449.0,577,3,45,6010,105,4.03,1.219,7.8,1.0,3.1,7.1,2.27,40,1519,5939,138,0.724,73,0.988,13041.0,4347,57,5,52,5,0,41053571,1578984,907750,7.613350939729339,2.0,0,0,6,1
2011TEX,45,29.1,5.28,162,6261,5659,855,1599,310,32,210,807,143,45,475,930,0.283,0.34,0.46,0.8,110,2603,135,39,39,49,35,1126,TEX,2011,25,28.8,4.18,96,66,0.593,3.79,162,152,10,19,7,38,1441.1,607,6,43,6021,117,3.98,1.241,8.3,1.1,2.9,7.4,2.56,45,1552,5990,164,0.704,114,0.981,12972.0,4324,-6,-1,38,4,0,92299264,3076642,1225500,7.965198237948847,1.0,0,0,5,1
2011TOR,53,28.3,4.59,162,6210,5559,743,1384,285,34,186,704,131,52,525,1184,0.249,0.317,0.413,0.73,96,2295,108,48,31,47,41,1090,TOR,2011,30,27.6,4.7,81,81,0.5,4.32,162,155,7,10,3,33,1458.2,700,3,73,6286,99,4.29,1.353,8.8,1.1,3.3,7.2,2.16,53,1703,6189,148,0.693,110,0.982,13128.0,4376,-5,0,19,2,0,62567800,2018316,1200000,7.79635088464577,4.0,0,1,1,0
2012BAL,52,28.0,4.4,162,6160,5560,712,1375,270,16,214,677,58,29,480,1315,0.247,0.311,0.417,0.728,97,2319,152,50,38,30,24,1027,BAL,2012,26,27.6,4.35,93,69,0.574,3.9,162,161,1,10,1,55,1483.0,642,6,34,6278,109,4.2,1.291,8.7,1.1,2.9,7.1,2.45,51,1680,6235,151,0.699,106,0.983,13347.0,4449,-4,0,13,1,0,81428999,2807897,1300000,7.910779096079238,2.0,0,0,3,1
2012BOS,56,29.4,4.53,162,6166,5604,734,1459,339,16,165,695,97,31,428,1197,0.26,0.315,0.415,0.73,96,2325,105,45,34,55,27,1076,BOS,2012,26,28.7,4.98,69,93,0.426,4.7,162,156,6,4,2,35,1443.0,754,11,42,6209,90,4.41,1.371,9.0,1.2,3.3,7.3,2.22,56,1687,6117,159,0.689,101,0.983,12987.0,4329,58,1,39,4,0,158129617,4941551,1556250,8.199013219047009,5.0,0,1,1,0
2012CHW,45,30.0,4.62,162,6111,5518,748,1409,228,29,211,726,109,43,461,1203,0.255,0.318,0.422,0.74,98,2328,112,65,31,36,24,1038,CHW,2012,25,27.5,4.17,85,77,0.525,4.02,162,156,6,11,2,37,1445.2,646,9,66,6098,106,4.23,1.292,8.5,1.2,3.1,7.8,2.48,45,1578,5985,154,0.702,70,0.988,13011.0,4337,8,1,54,5,0,96919500,3876780,530000,7.986411164980521,2.0,0,1,1,0
2012CLE,48,27.8,4.12,162,6195,5525,667,1385,266,24,136,635,110,44,555,1087,0.251,0.324,0.381,0.705,99,2107,141,59,17,39,28,1162,CLE,2012,24,27.6,5.22,68,94,0.42,4.78,162,160,2,6,1,43,1442.0,766,6,67,6283,82,4.4,1.419,9.4,1.1,3.4,6.8,2.0,47,1665,6087,157,0.685,96,0.984,12978.0,4326,-66,-6,-23,-2,0,78430300,2704493,800000,7.8944838762123775,5.0,1,1,1,0
2012DET,47,27.9,4.48,162,6119,5476,726,1467,279,39,163,698,59,23,511,1103,0.268,0.335,0.422,0.757,103,2313,156,57,36,39,46,1121,DET,2012,23,28.2,4.14,88,74,0.543,3.75,162,153,9,8,3,40,1430.2,596,6,46,6045,113,3.63,1.291,8.9,0.9,2.8,8.3,3.01,46,1481,5872,127,0.678,99,0.983,12876.0,4292,-34,-3,-60,-6,0,138800000,4626667,1600000,8.142389466118836,1.0,0,0,7,1
2012KCR,46,26.1,4.17,162,6149,5636,676,1492,295,37,131,643,132,38,404,1032,0.265,0.317,0.4,0.716,94,2254,130,42,26,41,35,1087,KCR,2012,25,27.3,4.6,72,90,0.444,4.3,162,160,2,12,1,44,1451.1,693,8,49,6251,98,4.18,1.41,9.3,1.0,3.4,7.3,2.17,45,1624,6091,171,0.673,113,0.981,13062.0,4354,1,0,-49,-5,0,57406225,1979525,865000,7.758958988853806,,0,0,3,1
2012LAA,44,28.7,4.73,162,6121,5536,767,1518,273,22,187,732,134,33,449,1113,0.274,0.332,0.433,0.764,114,2396,138,47,47,41,29,1079,LAA,2012,23,30.1,4.31,89,73,0.549,4.02,162,156,6,16,5,38,1433.1,640,2,38,6034,95,4.26,1.271,8.4,1.2,3.0,7.3,2.4,43,1578,5976,141,0.708,98,0.984,12900.0,4300,45,4,36,3,0,153990166,5499649,3350000,8.187492987146184,3.0,0,0,13,1
2012MIN,47,28.8,4.33,162,6209,5562,701,1448,270,30,131,666,135,37,505,1069,0.26,0.325,0.39,0.715,98,2171,149,53,33,56,28,1144,MIN,2012,25,27.8,5.14,66,96,0.407,4.77,162,159,3,6,1,35,1438.2,762,2,60,6214,86,4.66,1.391,9.6,1.2,2.9,5.9,2.03,47,1784,6207,188,0.69,107,0.983,12948.0,4316,15,1,-21,-2,0,94085000,3484630,750000,7.973520389245549,5.0,0,0,11,1
2012NYY,45,32.9,4.96,162,6231,5524,804,1462,280,13,245,774,93,27,565,1176,0.265,0.337,0.453,0.79,112,2503,136,62,31,49,31,1135,NYY,2012,23,30.3,4.12,95,67,0.586,3.84,162,156,6,9,2,51,1445.1,617,9,53,6085,110,3.98,1.268,8.7,1.2,2.7,8.2,3.06,45,1471,5882,135,0.693,75,0.987,13008.0,4336,-2,0,-18,-2,0,167000289,5758631,2000000,8.222717222710438,1.0,0,0,5,1
2012OAK,50,27.7,4.4,162,6183,5527,713,1315,267,32,195,676,122,32,550,1387,0.238,0.31,0.404,0.714,99,2231,97,45,27,34,29,1095,OAK,2012,25,27.9,3.79,94,68,0.58,3.48,162,161,1,13,0,47,1470.0,569,5,40,6131,112,3.89,1.239,8.3,0.9,2.8,7.0,2.46,50,1568,6089,135,0.704,111,0.982,13230.0,4410,5,0,20,2,0,49372500,1702500,485000,7.693485118483779,1.0,0,0,2,0
2012SEA,38,27.1,3.82,162,6057,5494,619,1285,241,27,149,584,104,35,466,1259,0.234,0.296,0.369,0.665,88,2027,95,30,32,35,21,1052,SEA,2012,18,27.9,4.02,75,87,0.463,3.76,162,154,8,11,6,43,1456.2,608,5,61,6062,102,4.0,1.241,8.4,1.0,2.8,7.2,2.6,37,1570,6012,155,0.707,72,0.988,13110.0,4370,3,0,-4,0,1,81978100,2927789,495150,7.91369784848795,4.0,0,0,2,0
2012TBD,43,29.7,4.3,162,6105,5398,697,1293,250,30,175,665,134,44,571,1323,0.24,0.317,0.394,0.711,99,2128,133,58,34,42,26,1058,TBD,2012,18,28.1,3.56,90,72,0.556,3.19,162,155,7,15,4,50,1459.2,518,4,59,6000,121,3.51,1.166,7.6,0.9,2.9,8.5,2.95,43,1641,6134,155,0.704,114,0.981,13137.0,4379,43,4,-8,-1,0,64173500,2291911,1425000,7.807355726204623,3.0,0,0,7,1
2012TEX,39,29.7,4.99,162,6216,5590,808,1526,303,32,200,780,91,44,478,1103,0.273,0.334,0.446,0.78,105,2493,121,57,36,53,44,1113,TEX,2012,21,28.8,4.36,93,69,0.574,3.99,162,155,7,10,2,43,1442.0,639,8,53,6067,109,3.9,1.265,8.6,1.1,2.8,8.0,2.88,39,1496,5907,136,0.694,85,0.986,12978.0,4326,-11,0,6,1,0,104260974,4170439,3250000,8.018121777763929,2.0,0,0,6,1
2012TOR,54,27.8,4.42,162,6094,5487,716,1346,247,22,198,677,123,41,473,1251,0.245,0.309,0.407,0.716,94,2231,109,55,33,45,29,1026,TOR,2012,34,27.8,4.84,73,89,0.451,4.64,162,157,5,11,4,29,1443.2,745,7,56,6216,91,4.66,1.394,9.0,1.3,3.6,7.1,1.99,54,1737,6169,167,0.694,101,0.984,12993.0,4331,61,1,72,7,0,92489200,3082973,2138750,7.966091022963436,4.0,0,0,2,0
2013BAL,52,27.8,4.6,162,6144,5620,745,1460,298,14,212,719,79,29,416,1125,0.26,0.313,0.431,0.744,101,2422,105,36,27,45,36,1053,BAL,2013,26,27.9,4.38,85,77,0.525,4.2,162,160,2,6,1,57,1453.0,678,3,38,6144,98,4.33,1.315,8.9,1.3,2.9,7.2,2.47,52,1614,6027,165,0.701,54,0.991,13077.0,4359,24,0,18,2,0,81637464,3710794,1910000,7.911889505256275,3.0,0,0,4,1
2013BOS,48,29.6,5.27,162,6382,5651,853,1566,363,29,178,819,123,19,581,1308,0.277,0.349,0.446,0.795,116,2521,137,72,24,50,51,1212,BOS,2013,26,30.2,4.05,97,65,0.599,3.79,162,157,5,8,2,33,1454.0,613,5,47,6143,109,3.84,1.3,8.5,1.0,3.2,8.0,2.47,48,1516,5958,142,0.694,80,0.987,13086.0,4362,15,1,21,2,0,156522142,5797116,4250000,8.194575782573997,1.0,0,1,1,0
2013CHW,47,29.2,3.69,162,6077,5563,598,1385,237,19,148,574,105,42,411,1207,0.249,0.302,0.378,0.68,84,2104,124,34,19,48,23,1068,CHW,2013,24,27.1,4.46,63,99,0.389,3.98,162,157,5,5,1,40,1455.0,643,4,62,6214,106,4.13,1.329,8.8,1.1,3.1,7.7,2.45,47,1555,6041,155,0.687,121,0.98,13095.0,4365,-49,-5,-65,-6,0,117040777,5088729,2800000,8.068337196282773,5.0,0,0,2,0
2013CLE,49,28.6,4.6,162,6165,5465,745,1391,290,23,171,711,117,36,562,1283,0.255,0.327,0.41,0.737,107,2240,106,51,31,56,19,1126,CLE,2013,28,27.5,4.09,92,70,0.568,3.82,162,159,3,16,3,38,1441.1,611,3,71,6154,100,3.73,1.327,8.5,0.9,3.5,8.6,2.49,48,1503,5925,135,0.683,98,0.983,12972.0,4324,-34,-1,-14,-1,0,69274900,2770996,1000000,7.840575907540093,2.0,0,1,1,0
2013DET,39,30.0,4.91,162,6388,5735,796,1625,292,23,176,767,35,20,531,1073,0.283,0.346,0.434,0.78,111,2491,146,43,32,47,40,1250,DET,2013,20,28.4,3.85,93,69,0.574,3.61,162,159,3,12,1,39,1462.2,587,7,63,6119,116,3.27,1.252,8.4,0.8,2.8,8.8,3.09,39,1508,5972,136,0.682,76,0.987,13164.0,4388,-60,-5,-53,-5,0,151420000,6583478,4000000,8.180183241848228,1.0,0,0,8,1
2013HOU,50,25.8,3.77,162,6020,5457,610,1307,266,16,148,566,110,61,426,1535,0.24,0.299,0.375,0.674,86,2049,110,52,46,38,17,1007,HOU,2013,26,27.2,5.23,51,111,0.315,4.79,162,160,2,5,1,32,1440.0,766,6,61,6370,85,4.67,1.49,9.6,1.2,3.9,6.8,1.76,50,1635,6080,168,0.679,125,0.979,12960.0,4320,-42,-4,-70,-6,0,18825200,896438,496600,7.274739598866629,5.0,0,1,1,0
2013KCR,43,26.9,4.0,162,6093,5549,648,1443,254,34,112,620,153,32,422,1048,0.26,0.315,0.379,0.694,89,2101,131,42,37,42,38,1110,KCR,2013,20,28.9,3.71,86,76,0.531,3.45,162,157,5,12,2,52,1448.1,555,4,60,6049,120,3.83,1.267,8.5,1.0,2.9,7.5,2.58,43,1520,5950,136,0.698,85,0.986,13035.0,4345,92,1,56,5,0,74821300,3400968,1190000,7.874025249677766,3.0,0,0,4,1
2013LAA,49,27.8,4.52,162,6260,5588,733,1476,270,39,164,696,82,34,523,1221,0.264,0.329,0.414,0.743,110,2316,150,48,37,64,40,1144,LAA,2013,26,29.1,4.55,78,84,0.481,4.23,162,158,4,12,2,41,1457.2,685,4,74,6298,89,4.08,1.378,9.1,1.0,3.3,7.4,2.25,49,1500,5985,135,0.683,112,0.981,13119.0,4373,-75,-1,-45,-4,0,127896250,4736898,3500000,8.106857810872846,3.0,0,0,14,1
2013MIN,44,28.2,3.79,162,6212,5564,614,1346,285,15,151,590,52,33,533,1430,0.242,0.312,0.38,0.692,90,2114,103,52,29,32,20,1206,MIN,2013,23,28.3,4.86,66,96,0.407,4.55,162,161,1,7,1,40,1450.1,733,4,50,6257,90,4.23,1.413,9.9,1.0,2.8,6.1,2.15,44,1723,6155,178,0.679,81,0.987,13053.0,4351,-20,0,-47,-4,0,69780000,3489000,597500,7.843730965112092,4.0,0,0,12,1
2013NYY,56,31.9,4.01,162,6045,5449,650,1321,247,24,144,614,115,31,466,1214,0.242,0.307,0.376,0.683,88,2048,121,57,36,36,33,1064,NYY,2013,24,31.8,4.14,85,77,0.525,3.94,162,155,7,10,3,49,1447.1,633,1,57,6128,102,3.89,1.305,9.0,1.1,2.7,7.7,2.82,55,1544,5955,139,0.687,69,0.988,13026.0,4342,37,3,-21,-2,0,182832190,7032007,2975000,8.262052661357465,3.0,0,0,6,1
2013OAK,44,28.3,4.73,162,6209,5521,767,1403,301,25,186,725,74,28,573,1178,0.254,0.327,0.419,0.745,107,2312,108,45,21,49,29,1126,OAK,2013,18,28.3,3.86,96,66,0.593,3.56,162,156,6,13,4,46,1452.0,574,1,56,6069,109,3.83,1.217,8.3,1.0,2.7,7.3,2.76,44,1377,5830,112,0.708,97,0.983,13068.0,4356,-58,-5,-7,-1,0,39199500,1781795,605000,7.593280527514696,1.0,0,0,3,1
2013SEA,47,28.7,3.85,162,6172,5558,624,1318,249,17,188,597,49,23,529,1353,0.237,0.306,0.39,0.695,98,2165,122,31,26,28,21,1131,SEA,2013,22,28.0,4.65,71,91,0.438,4.31,162,158,4,14,2,43,1465.0,702,1,74,6257,86,3.89,1.328,9.0,1.1,2.9,8.0,2.71,47,1645,6128,149,0.683,88,0.986,13185.0,4395,-101,-9,-51,-5,1,60296043,3173476,1500000,7.780288811980067,4.0,0,0,3,1
2013TBD,42,29.5,4.29,163,6242,5538,700,1421,296,23,165,670,73,38,589,1171,0.257,0.329,0.408,0.737,106,2258,140,36,24,55,31,1172,TBD,2013,21,29.0,3.96,92,71,0.564,3.74,163,154,9,17,3,42,1464.0,608,6,69,6083,103,3.71,1.227,8.1,0.9,3.0,8.1,2.72,41,1593,6044,147,0.707,59,0.99,13176.0,4392,31,0,12,1,0,51903072,2162628,1750000,7.715193063304435,2.0,0,0,8,1
2013TEX,46,29.6,4.48,163,6196,5585,730,1465,262,23,176,691,149,46,462,1067,0.262,0.323,0.412,0.735,100,2301,124,61,45,42,26,1110,TEX,2013,25,27.9,3.9,91,72,0.558,3.62,163,159,4,10,2,46,1463.1,589,5,68,6146,114,3.77,1.277,8.4,1.0,3.1,8.1,2.63,45,1549,6025,146,0.693,86,0.986,13170.0,4390,41,4,54,5,0,110917100,4621546,2825000,8.044998506141471,2.0,0,0,7,1
2013TOR,53,28.9,4.4,162,6152,5537,712,1398,273,24,185,669,112,41,510,1123,0.252,0.318,0.411,0.729,99,2274,133,38,29,38,19,1065,TOR,2013,31,30.9,4.67,74,88,0.457,4.25,162,158,4,11,2,39,1452.0,685,7,54,6250,97,4.3,1.344,9.0,1.2,3.1,7.5,2.42,53,1605,6072,145,0.69,111,0.982,13068.0,4356,24,0,-42,-4,0,113044500,4186833,2750000,8.053249437289457,5.0,0,1,1,0
2014BAL,44,28.3,4.35,162,6130,5596,705,1434,264,16,211,681,44,20,401,1285,0.256,0.311,0.422,0.734,104,2363,112,62,35,36,29,1088,BAL,2014,20,27.7,3.66,96,66,0.593,3.43,162,159,3,13,2,53,1461.1,557,2,42,6104,115,3.96,1.241,8.3,0.9,2.9,7.2,2.49,43,1604,6075,156,0.706,87,0.986,13152.0,4384,57,5,41,4,0,96638455,3332361,1000000,7.985149978082332,1.0,0,0,5,1
2014BOS,55,29.1,3.91,162,6226,5551,634,1355,282,20,123,601,63,25,535,1337,0.244,0.316,0.369,0.684,91,2046,138,68,20,52,36,1168,BOS,2014,25,29.9,4.41,71,91,0.438,4.01,162,159,3,7,2,36,1465.2,653,5,51,6231,100,3.93,1.324,9.0,0.9,3.0,7.4,2.52,55,1610,6099,155,0.685,92,0.985,13191.0,4397,42,1,5,0,0,143862395,5328237,2750000,8.15794728609563,5.0,0,0,2,0
2014CHW,44,27.7,4.07,162,6077,5543,660,1400,279,32,155,625,85,36,417,1362,0.253,0.31,0.398,0.708,102,2208,127,60,19,38,33,1071,CHW,2014,26,27.4,4.68,73,89,0.451,4.29,162,159,3,6,0,36,1441.0,687,3,75,6255,88,4.09,1.405,9.2,0.9,3.5,7.2,2.07,44,1682,6112,170,0.678,107,0.982,12969.0,4323,-48,-1,-62,-6,0,88550982,3542039,2259815,7.947193381729555,4.0,0,0,3,1
2014CLE,46,28.6,4.13,162,6222,5575,669,1411,284,23,142,644,104,27,504,1189,0.253,0.317,0.389,0.706,97,2167,126,42,51,49,24,1154,CLE,2014,22,27.2,4.03,85,77,0.525,3.56,162,156,6,15,4,40,1468.1,581,2,56,6193,110,3.42,1.268,8.6,0.8,2.8,8.9,3.13,45,1599,6120,139,0.673,116,0.981,13215.0,4405,-63,-6,-47,-4,0,71196300,2966513,987500,7.852457424376512,3.0,0,0,2,0
2014DET,48,29.8,4.67,162,6202,5630,757,1557,325,26,155,731,106,41,443,1144,0.277,0.331,0.426,0.757,113,2399,137,44,24,61,51,1111,DET,2014,30,28.5,4.35,90,72,0.556,4.01,162,157,5,8,4,41,1454.0,648,9,43,6191,97,3.6,1.332,9.1,0.8,2.9,7.7,2.69,48,1538,6001,153,0.673,101,0.983,13086.0,4362,-69,-6,-91,-8,0,172571526,6391538,2500000,8.236969139460221,1.0,0,1,1,0
2014HOU,48,25.4,3.88,162,6055,5447,629,1317,240,19,163,596,122,37,495,1442,0.242,0.309,0.383,0.692,96,2084,122,55,22,36,27,1086,HOU,2014,28,27.9,4.46,70,92,0.432,4.11,162,155,7,3,2,31,1438.2,657,7,57,6154,94,3.93,1.335,9.0,0.9,3.0,7.1,2.35,48,1704,6126,151,0.685,106,0.983,12948.0,4316,-10,-1,-46,-4,0,44985800,1606636,507600,7.653075448111778,4.0,1,1,2,0
2014KCR,48,28.2,4.02,162,6058,5545,651,1456,286,29,95,604,153,36,380,985,0.263,0.314,0.376,0.69,92,2085,131,53,33,47,22,1080,KCR,2014,23,28.9,3.85,89,73,0.549,3.51,162,159,3,14,2,53,1450.2,565,6,58,6101,113,3.69,1.259,8.6,0.8,2.7,7.2,2.65,48,1512,5968,122,0.693,104,0.983,13056.0,4352,35,1,31,3,0,84771000,3390840,1500000,7.92824730633674,2.0,0,0,5,1
2014LAA,54,29.3,4.77,162,6285,5652,773,1464,304,31,155,729,81,39,492,1266,0.259,0.322,0.406,0.728,110,2295,112,60,26,54,42,1113,LAA,2014,31,28.4,3.89,98,64,0.605,3.58,162,159,3,13,2,46,1482.2,590,4,74,6179,101,3.57,1.221,7.9,0.8,3.1,8.1,2.66,54,1480,6010,127,0.703,83,0.986,13344.0,4447,-10,0,2,0,0,128046500,4415397,900000,8.10736771203943,1.0,0,0,15,1
2014MIN,48,27.5,4.41,162,6233,5567,715,1412,316,27,128,675,99,36,544,1329,0.254,0.324,0.389,0.713,100,2166,97,53,25,44,29,1176,MIN,2014,23,29.2,4.8,70,92,0.432,4.57,162,160,2,7,0,38,1435.0,728,6,50,6212,86,3.97,1.391,10.0,0.9,2.6,6.5,2.53,48,1579,5981,136,0.672,97,0.984,12915.0,4305,-90,-8,-60,-6,0,80937500,3372396,967500,7.908149785761346,5.0,0,0,13,1
2014NYY,58,32.8,3.91,162,6082,5497,633,1349,247,26,147,591,112,26,452,1133,0.245,0.307,0.38,0.687,94,2089,111,56,29,47,16,1098,NYY,2014,33,29.3,4.1,84,78,0.519,3.75,162,157,5,10,2,48,1453.0,605,6,49,6114,103,3.67,1.232,8.6,1.0,2.5,8.5,3.44,58,1474,5925,107,0.687,92,0.984,13077.0,4359,13,0,-17,-2,0,205676092,8227044,3500000,8.313183811792333,2.0,0,0,7,1
2014OAK,45,29.6,4.5,162,6245,5545,729,1354,253,33,146,686,83,20,586,1104,0.244,0.32,0.381,0.7,100,2111,118,49,19,43,34,1147,OAK,2014,22,28.2,3.53,88,74,0.543,3.22,162,155,7,13,3,31,1463.1,524,1,59,5972,116,3.67,1.145,7.8,0.9,2.5,7.7,3.06,43,1634,6135,150,0.71,111,0.982,13170.0,4390,24,0,19,2,0,65815900,2269514,700000,7.818330824436081,2.0,0,0,4,1
2014SEA,44,27.5,3.91,162,5977,5450,634,1328,247,32,136,600,96,42,396,1232,0.244,0.3,0.376,0.676,95,2047,112,60,35,34,33,1008,SEA,2014,20,29.0,3.42,87,75,0.537,3.17,162,160,2,9,1,51,1452.0,512,8,80,5974,115,3.61,1.173,7.7,0.8,2.9,8.2,2.84,44,1608,6046,139,0.712,82,0.986,13068.0,4356,6,0,33,3,1,82536142,3056894,750000,7.916644164719858,3.0,0,1,1,0
2014TBD,43,29.3,3.78,162,6205,5516,612,1361,263,24,117,586,63,27,527,1124,0.247,0.317,0.367,0.684,96,2023,135,66,43,53,31,1193,TBD,2014,23,28.4,3.86,77,85,0.475,3.56,162,159,3,22,1,37,1463.2,579,3,65,6131,105,3.56,1.212,7.9,0.9,3.0,8.8,2.98,41,1309,5788,96,0.7,88,0.985,13173.0,4391,-21,-2,-21,-2,0,82232623,2835608,1475000,7.91504414330863,4.0,0,0,9,1
2014TEX,64,28.4,3.93,162,6026,5460,637,1400,260,28,111,597,105,59,417,1162,0.256,0.314,0.375,0.689,92,2049,148,61,41,45,37,1066,TEX,2014,40,27.9,4.77,67,95,0.414,4.49,162,156,6,17,4,33,1426.1,711,7,61,6195,89,4.22,1.413,9.5,1.0,3.2,7.0,2.2,64,1413,5798,155,0.675,106,0.982,12837.0,4279,-43,-1,-39,-4,0,102585846,3537443,1000000,8.011087444322236,5.0,1,1,1,0
2014TOR,55,29.2,4.46,162,6167,5549,723,1435,282,24,177,690,78,21,502,1151,0.259,0.323,0.414,0.736,108,2296,128,41,35,40,27,1122,TOR,2014,27,29.6,4.23,83,79,0.512,4.0,162,159,3,16,2,45,1443.0,642,5,43,6150,95,3.97,1.31,8.7,0.9,3.1,7.5,2.45,55,1528,5944,130,0.693,87,0.985,12987.0,4329,-38,-1,-15,-1,0,111422600,4844461,3000000,8.046973288322658,3.0,0,0,2,0
2015BAL,48,27.9,4.4,162,6007,5485,713,1370,246,20,217,686,44,25,418,1331,0.25,0.307,0.421,0.728,97,2307,127,51,20,32,23,990,BAL,2015,22,28.3,4.28,81,81,0.5,4.05,162,162,0,10,0,43,1434.2,646,0,46,6085,102,4.11,1.317,8.8,1.1,3.0,7.7,2.55,48,1597,5978,134,0.691,77,0.987,12912.0,4304,-9,-1,-9,-1,0,104378208,3727793,2575000,8.018609836470464,3.0,0,0,6,1
2015BOS,51,28.2,4.62,162,6237,5640,748,1495,294,33,161,706,71,27,478,1148,0.265,0.325,0.415,0.74,97,2338,127,46,30,42,28,1142,BOS,2015,26,28.6,4.65,78,84,0.481,4.31,162,159,3,10,1,40,1448.1,694,10,79,6225,100,4.17,1.356,9.2,1.1,3.0,7.6,2.55,50,1625,6067,148,0.68,97,0.984,13035.0,4345,-3,0,-16,-2,0,146494748,5634413,2125000,8.165822055027977,5.0,0,0,3,1
2015CHW,40,28.2,3.84,162,6070,5533,622,1381,260,27,136,595,68,42,404,1231,0.25,0.306,0.38,0.686,91,2103,125,65,30,37,22,1065,CHW,2015,24,27.8,4.33,76,86,0.469,3.98,162,155,7,9,4,37,1452.2,643,2,61,6181,98,3.82,1.32,8.9,1.0,2.9,8.4,2.87,40,1582,6041,159,0.673,101,0.983,13074.0,4358,-20,-2,-38,-3,0,99302867,3546531,1325000,7.996961787310138,4.0,0,0,4,1
2015CLE,49,28.0,4.16,161,6109,5439,669,1395,303,29,141,640,86,28,533,1157,0.256,0.325,0.401,0.725,93,2179,134,39,47,50,34,1147,CLE,2015,27,27.3,3.98,81,80,0.503,3.67,161,150,11,10,1,38,1432.2,584,5,48,5904,117,3.62,1.186,8.0,1.0,2.7,8.8,3.31,49,1528,5905,136,0.699,79,0.987,12894.0,4298,17,2,39,4,0,85818667,3300718,2095000,7.933581764460922,3.0,0,0,3,1
2015DET,47,28.3,4.28,161,6159,5605,689,1515,289,49,151,660,83,51,455,1259,0.27,0.328,0.42,0.748,105,2355,152,41,23,35,36,1111,DET,2015,27,28.7,4.99,74,87,0.46,4.64,161,154,7,12,4,35,1447.0,746,8,60,6188,86,4.46,1.368,9.3,1.2,3.0,6.8,2.25,47,1621,6048,165,0.69,86,0.986,13023.0,4341,7,0,-13,-1,0,172282250,6891290,3000000,8.236240534997942,5.0,0,0,2,0
2015HOU,46,26.3,4.5,162,6073,5459,729,1363,278,26,230,691,121,48,486,1392,0.25,0.315,0.437,0.752,107,2383,102,56,28,43,22,1036,HOU,2015,24,29.4,3.81,86,76,0.531,3.57,162,157,5,13,3,39,1441.0,572,2,61,5965,110,3.66,1.201,8.2,0.9,2.6,8.0,3.03,46,1617,6025,131,0.701,85,0.986,12969.0,4323,38,4,13,1,0,63564200,2354230,1000000,7.80321258546047,2.0,0,1,1,0
2015KCR,45,29.1,4.47,162,6116,5575,724,1497,300,42,139,689,104,34,383,973,0.269,0.322,0.412,0.734,98,2298,133,77,34,47,28,1079,KCR,2015,24,30.0,3.96,95,67,0.586,3.73,162,160,2,8,1,56,1452.0,601,2,62,6112,112,4.04,1.282,8.5,1.0,3.0,7.2,2.37,45,1611,6055,138,0.701,88,0.985,13068.0,4356,52,5,18,2,0,106164525,4246581,2640000,8.025979420977794,1.0,0,0,6,1
2015LAA,51,28.7,4.08,162,5990,5417,661,1331,243,21,176,621,52,34,435,1150,0.246,0.307,0.396,0.702,97,2144,116,58,37,40,34,1013,LAA,2015,24,28.3,4.17,85,77,0.525,3.94,162,160,2,12,2,46,1440.2,630,4,61,6096,96,4.06,1.264,8.5,1.0,2.9,7.6,2.62,51,1491,5906,108,0.701,93,0.984,12966.0,4322,9,1,13,1,0,139449583,4980342,1231250,8.144417219921039,3.0,0,0,16,1
2015MIN,44,28.2,4.3,162,6017,5467,696,1349,277,44,156,661,70,38,439,1264,0.247,0.305,0.399,0.704,92,2182,133,40,30,41,31,993,MIN,2015,24,29.1,4.32,83,79,0.512,4.07,162,160,2,12,0,45,1443.0,653,2,54,6139,100,4.1,1.33,9.4,1.0,2.6,6.5,2.53,44,1637,6052,150,0.687,86,0.986,12987.0,4329,-20,0,-11,-1,0,103095000,4295625,1775000,8.013237602964741,2.0,0,1,1,0
2015NYY,56,31.4,4.72,162,6268,5567,764,1397,272,19,212,737,63,25,554,1227,0.251,0.323,0.421,0.744,102,2343,105,63,24,54,23,1151,NYY,2015,33,27.4,4.31,87,75,0.537,4.03,162,159,3,4,0,48,1457.2,652,4,78,6191,101,3.97,1.297,8.7,1.1,2.9,8.5,2.89,55,1594,6060,135,0.685,93,0.985,13119.0,4373,-39,-4,-32,-3,0,192687142,6881684,2900000,8.284852735180833,2.0,0,0,8,1
2015OAK,52,27.9,4.28,162,6171,5600,694,1405,277,46,146,661,78,29,475,1119,0.251,0.312,0.395,0.707,96,2212,124,40,14,38,21,1102,OAK,2015,30,27.8,4.5,68,94,0.42,4.14,162,157,5,15,3,28,1444.2,664,4,62,6128,94,4.13,1.299,8.7,1.1,3.0,7.3,2.49,52,1642,6102,154,0.691,126,0.979,13002.0,4334,5,0,-20,-2,0,69349166,2237070,517500,7.8410412425718725,5.0,0,0,5,1
2015SEA,51,28.6,4.05,162,6131,5544,656,1379,262,22,198,624,69,45,478,1336,0.249,0.311,0.411,0.722,101,2279,123,36,38,35,31,1080,SEA,2015,28,28.6,4.48,76,86,0.469,4.16,162,156,6,12,5,45,1463.0,677,5,72,6223,92,4.14,1.313,8.8,1.1,3.0,7.9,2.61,51,1685,6168,155,0.688,94,0.985,13167.0,4389,-50,-5,-33,-3,1,115706842,4628274,2000000,8.063359040498764,4.0,0,0,2,0
2015TBD,51,28.5,3.98,162,6071,5485,644,1383,278,32,167,612,87,45,436,1310,0.252,0.314,0.406,0.72,100,2226,121,84,19,47,22,1075,TBD,2015,27,26.7,3.96,80,82,0.494,3.74,162,161,1,12,1,60,1453.1,604,5,81,6069,105,3.91,1.232,8.1,1.1,3.0,8.4,2.84,51,1408,5863,118,0.701,95,0.984,13080.0,4360,6,0,12,1,0,73691251,2456375,750000,7.867415929270589,4.0,0,1,1,0
2015TEX,57,28.7,4.64,162,6187,5511,751,1419,279,32,172,707,101,39,503,1233,0.257,0.325,0.413,0.739,98,2278,99,76,43,54,32,1130,TEX,2015,31,28.1,4.52,88,74,0.543,4.24,162,157,5,9,3,45,1442.2,680,5,51,6215,100,4.34,1.363,9.1,1.1,3.2,6.8,2.16,57,1695,6142,169,0.687,119,0.981,12984.0,4328,2,0,43,4,0,112907373,3763579,812500,8.052722302852015,1.0,0,1,1,0
2015TOR,52,29.5,5.5,162,6232,5509,891,1480,308,17,232,852,88,23,570,1151,0.269,0.34,0.457,0.797,115,2518,140,54,36,62,12,1057,TOR,2015,28,29.2,4.14,93,69,0.574,3.8,162,155,7,10,2,34,1441.0,609,4,62,5984,108,4.09,1.214,8.5,1.1,2.5,7.0,2.81,52,1592,6003,145,0.708,88,0.985,12969.0,4323,20,0,59,5,0,98895700,3955828,527000,7.995177408817903,1.0,0,0,3,1
2016BAL,47,28.5,4.59,162,6089,5524,744,1413,265,6,253,710,19,13,468,1324,0.256,0.317,0.443,0.76,101,2449,119,44,17,36,19,1065,BAL,2016,27,27.9,4.41,89,73,0.549,4.22,162,161,1,9,0,54,1432.0,671,3,59,6122,102,4.31,1.364,8.8,1.2,3.4,7.8,2.29,46,1579,5955,165,0.688,80,0.987,12888.0,4296,-29,-3,-12,-1,0,133324358,4937939,2600000,8.124909501091246,2.0,0,0,7,1
2016BOS,50,28.5,5.42,162,6320,5670,878,1598,343,25,208,836,83,24,558,1160,0.282,0.348,0.461,0.81,112,2615,137,43,8,40,34,1162,BOS,2016,25,29.0,4.28,93,69,0.574,4.0,162,153,9,5,1,43,1439.2,640,0,52,6073,112,4.0,1.273,8.4,1.1,3.1,8.5,2.78,50,1427,5821,139,0.695,75,0.987,12957.0,4319,49,1,23,2,0,160606261,6177164,950000,8.205762471607358,1.0,0,0,4,1
2016CHW,50,28.3,4.23,162,6131,5550,686,1428,277,33,168,656,77,36,455,1285,0.257,0.317,0.41,0.727,99,2275,122,53,29,44,16,1105,CHW,2016,28,28.6,4.41,78,84,0.481,4.1,162,155,7,10,1,43,1446.2,659,2,72,6196,99,4.27,1.343,8.8,1.2,3.2,7.9,2.44,48,1536,5971,148,0.687,95,0.984,13020.0,4340,-19,-2,0,0,0,109173667,4548903,2750000,8.038117897931793,4.0,0,0,5,1
2016CLE,48,29.0,4.83,161,6155,5484,777,1435,308,29,185,733,134,31,531,1246,0.262,0.329,0.43,0.759,96,2356,137,49,31,60,16,1084,CLE,2016,27,28.1,4.2,94,67,0.584,3.84,161,156,5,11,3,37,1445.0,617,7,49,6033,118,3.91,1.239,8.3,1.2,2.9,8.7,3.03,48,1608,6032,126,0.696,89,0.985,13064.0,4335,16,1,70,6,0,60761900,2531746,1848750,7.783631345615605,1.0,0,0,4,1
2016DET,44,29.9,4.66,161,6127,5526,750,1476,252,30,211,719,58,29,493,1303,0.267,0.331,0.438,0.769,106,2421,135,53,17,38,32,1105,DET,2016,23,29.0,4.48,86,75,0.534,4.24,161,158,3,8,1,47,1428.0,672,4,44,6048,101,4.16,1.316,8.9,1.1,2.9,7.8,2.67,44,1537,5896,148,0.689,75,0.987,12852.0,4284,-59,-1,-37,-3,0,180855981,6459142,737500,8.25733287567627,2.0,0,0,3,1
2016HOU,43,26.4,4.47,162,6204,5545,724,1367,291,29,198,689,102,44,554,1452,0.247,0.319,0.417,0.735,103,2310,134,47,27,31,31,1086,HOU,2016,23,28.9,4.33,84,78,0.519,4.06,162,160,2,8,1,44,1468.0,663,2,98,6180,97,3.85,1.29,8.8,1.1,2.8,8.6,3.08,43,1599,6080,135,0.681,77,0.987,13212.0,4404,61,1,-12,-1,0,91893700,3281918,875000,7.96328573827379,3.0,0,0,2,0
2016KCR,42,28.5,4.17,162,6052,5552,675,1450,264,33,147,640,121,35,382,1224,0.261,0.312,0.4,0.712,90,2221,134,45,38,34,23,1049,KCR,2016,21,29.9,4.4,81,81,0.5,4.21,162,159,3,7,0,41,1440.0,674,7,55,6182,102,4.42,1.354,9.0,1.3,3.2,8.0,2.49,42,1526,5940,134,0.687,94,0.984,12960.0,4320,21,0,8,1,0,112620458,4504818,4225000,8.051617289178568,3.0,0,0,7,1
2016LAA,53,28.5,4.43,162,6041,5431,717,1410,279,20,156,686,73,34,471,991,0.26,0.322,0.405,0.726,100,2197,147,51,36,49,21,1037,LAA,2016,30,28.4,4.49,74,88,0.457,4.28,162,158,4,12,3,29,1421.1,676,10,47,6120,94,4.62,1.392,9.4,1.3,3.2,7.2,2.28,53,1483,5844,148,0.685,97,0.983,12792.0,4264,31,0,-19,-2,0,129251333,5170053,1500000,8.11143503077224,4.0,0,0,17,1
2016MIN,49,26.9,4.46,162,6245,5618,722,1409,288,35,200,690,91,32,513,1426,0.251,0.316,0.421,0.738,98,2367,96,44,27,43,24,1124,MIN,2016,29,28.3,5.49,59,103,0.364,5.08,162,158,4,3,1,26,1443.0,814,7,83,6314,83,4.57,1.453,10.1,1.4,3.0,7.4,2.49,49,1610,6065,172,0.662,126,0.979,12987.0,4329,-57,-1,-72,-7,0,96283200,4186226,1475000,7.983550515745573,5.0,0,0,2,0
2016NYY,53,30.1,4.2,162,6059,5458,680,1378,245,20,183,647,72,22,475,1188,0.252,0.315,0.405,0.72,91,2212,121,42,21,49,19,1098,NYY,2016,29,27.9,4.33,84,78,0.519,4.16,162,162,0,10,0,48,1428.1,660,2,52,6023,104,4.2,1.262,8.6,1.3,2.8,8.8,3.14,53,1536,5907,116,0.694,86,0.985,12855.0,4285,4,0,3,0,0,203354935,7262676,3650000,8.308254716289472,4.0,0,0,9,1
2016OAK,51,28.7,4.03,162,6022,5500,653,1352,270,21,169,634,50,23,442,1145,0.246,0.304,0.395,0.699,91,2171,142,33,13,34,19,1036,OAK,2016,27,27.9,4.7,69,93,0.426,4.51,162,160,2,7,1,42,1433.1,718,3,70,6144,91,4.24,1.342,9.2,1.2,2.9,7.5,2.56,49,1630,6027,152,0.685,97,0.984,12900.0,4300,-82,-1,-57,-5,0,75876234,2616422,1500000,7.880105767213894,5.0,0,0,6,1
2016SEA,54,30.5,4.74,162,6227,5583,768,1446,251,17,223,735,56,28,506,1288,0.259,0.326,0.43,0.756,106,2400,138,72,24,41,29,1099,SEA,2016,32,28.8,4.36,86,76,0.531,4.0,162,160,2,8,2,49,1457.0,647,7,52,6147,102,4.3,1.283,8.7,1.3,2.8,8.1,2.87,54,1575,6035,158,0.694,89,0.985,13113.0,4371,-22,0,-1,0,1,123457243,4748356,1300000,8.091516574240876,2.0,0,1,1,0
2016TBD,48,27.7,4.15,162,6046,5481,672,1333,288,32,216,647,60,37,449,1482,0.243,0.307,0.426,0.733,100,2333,88,69,18,28,20,1060,TBD,2016,25,26.9,4.4,68,94,0.42,4.2,162,161,1,8,1,42,1426.1,665,7,61,6076,96,4.26,1.322,8.8,1.3,3.1,8.6,2.76,48,1410,5783,129,0.687,94,0.984,12837.0,4279,14,1,-38,-4,0,56616076,2096892,895000,7.752939765583609,5.0,0,0,2,0
2016TEX,52,28.4,4.72,162,6089,5525,765,1446,257,23,215,746,99,36,436,1220,0.262,0.322,0.433,0.755,96,2394,114,70,18,40,23,1038,TEX,2016,31,28.8,4.67,95,67,0.586,4.37,162,161,1,6,0,56,1443.0,700,5,45,6186,104,4.58,1.369,9.0,1.3,3.3,7.2,2.16,52,1655,6081,190,0.692,97,0.984,12987.0,4329,0,0,43,4,0,128038723,4742175,1500000,8.107341334038018,1.0,0,0,2,0
2016TOR,49,30.0,4.69,162,6233,5479,759,1358,276,18,221,728,54,24,632,1362,0.248,0.33,0.426,0.755,101,2333,153,55,26,40,16,1120,TOR,2016,29,29.8,4.11,89,73,0.549,3.78,162,162,0,10,0,43,1459.1,613,7,50,6113,113,4.04,1.234,8.3,1.1,2.8,8.1,2.85,49,1622,6088,144,0.703,88,0.986,13134.0,4378,43,4,13,1,0,146179900,5220711,1525000,8.16488766045216,2.0,0,0,4,1
2017BAL,50,28.6,4.59,162,6140,5650,743,1469,269,12,232,713,32,13,392,1412,0.26,0.312,0.435,0.747,100,2458,138,50,10,37,12,1041,BAL,2017,26,28.2,5.19,75,87,0.463,4.97,162,161,1,10,1,35,1441.0,795,6,53,6293,87,4.96,1.446,9.4,1.5,3.6,7.7,2.13,50,1609,6026,175,0.683,94,0.984,12969.0,4323,-19,-2,-9,-1,0,137742237,5739260,3462500,8.13906713185728,5.0,0,0,8,1
2017BOS,49,27.3,4.85,162,6338,5669,785,1461,302,19,168,735,106,31,571,1224,0.258,0.329,0.407,0.736,91,2305,141,53,9,36,48,1134,BOS,2017,27,28.4,4.12,93,69,0.574,3.7,162,157,5,11,1,39,1482.1,610,3,43,6217,125,3.78,1.247,8.4,1.2,2.8,9.6,3.4,49,1390,5944,126,0.68,107,0.982,13341.0,4447,71,6,21,2,0,173704598,5790153,1975000,8.239811314472421,1.0,0,0,5,1
2017CHW,51,26.7,4.36,162,6059,5513,706,1412,256,37,186,670,71,31,401,1397,0.256,0.314,0.417,0.731,96,2300,124,76,35,33,17,1055,CHW,2017,31,28.7,5.06,67,95,0.414,4.78,162,162,0,3,0,25,1421.2,755,5,67,6200,90,5.17,1.418,8.8,1.5,4.0,7.6,1.89,51,1541,5920,157,0.7,114,0.981,12795.0,4265,-14,-1,17,2,0,109301167,4048191,900000,8.038624798902628,4.0,0,1,1,0
2017CLE,41,28.0,5.05,162,6234,5511,818,1449,333,29,212,780,88,23,604,1153,0.263,0.339,0.449,0.788,103,2476,125,50,23,45,30,1158,CLE,2017,20,28.9,3.48,102,60,0.63,3.3,162,155,7,19,3,37,1440.2,529,1,48,5866,141,3.33,1.161,7.9,1.0,2.5,10.1,3.98,41,1447,5845,167,0.683,76,0.987,12966.0,4322,34,1,43,4,0,114166166,4228377,3400000,8.057537416548952,1.0,0,0,5,1
2017DET,49,29.6,4.54,162,6150,5556,735,1435,289,35,187,699,65,34,503,1313,0.258,0.324,0.424,0.748,96,2355,128,52,11,27,21,1104,DET,2017,29,28.3,5.52,64,98,0.395,5.36,162,160,2,4,1,32,1420.1,846,4,53,6298,85,4.73,1.496,10.1,1.4,3.4,7.6,2.23,48,1389,5734,146,0.668,84,0.985,12783.0,4261,-68,-1,-47,-4,0,180250600,6932715,1650000,8.2558767190295,5.0,0,0,4,1
2017HOU,46,28.8,5.53,162,6271,5611,896,1581,346,20,238,854,98,42,509,1087,0.282,0.346,0.478,0.823,125,2681,139,70,11,61,27,1094,HOU,2017,27,28.5,4.32,101,61,0.623,4.12,162,161,1,9,0,45,1446.0,662,4,86,6111,97,3.91,1.27,8.2,1.2,3.2,9.9,3.05,46,1526,5963,153,0.682,99,0.983,13014.0,4338,-10,0,-16,-1,0,127443900,4720144,3725000,8.105319053145895,1.0,0,0,3,1
2017KCR,49,28.9,4.33,162,6027,5536,702,1436,260,24,193,660,91,31,390,1166,0.259,0.311,0.42,0.731,92,2323,160,45,17,37,19,1005,KCR,2017,29,30.3,4.88,80,82,0.494,4.61,162,161,1,6,1,39,1437.2,737,6,48,6218,97,4.43,1.39,9.3,1.2,3.2,7.6,2.34,49,1524,5916,145,0.685,79,0.987,12939.0,4313,-41,-1,-14,-1,0,134425249,4800902,4000000,8.128480849606854,3.0,0,0,8,1
2017LAA,55,30.0,4.38,162,6073,5415,710,1314,251,14,186,678,136,44,523,1198,0.243,0.315,0.397,0.712,92,2151,141,70,17,46,30,1033,LAA,2017,31,29.1,4.38,80,82,0.494,4.2,162,161,1,10,1,43,1440.2,672,6,57,6030,102,4.43,1.279,8.6,1.4,2.9,8.2,2.79,55,1462,5864,135,0.7,80,0.986,12966.0,4322,31,3,47,4,0,123549166,4412470,2000000,8.091839818108634,2.0,0,0,18,1
2017MIN,52,27.0,5.03,162,6261,5557,815,1444,286,31,206,781,95,28,593,1342,0.26,0.334,0.434,0.768,106,2410,105,46,26,39,26,1147,MIN,2017,36,29.6,4.86,85,77,0.525,4.59,162,156,6,11,3,42,1436.0,732,8,52,6205,95,4.72,1.372,9.3,1.4,3.0,7.3,2.41,52,1477,5863,143,0.692,78,0.987,12924.0,4308,21,0,46,4,0,94287500,3367411,586250,7.974454120724,2.0,0,0,3,1
2017NYY,51,28.6,5.3,162,6354,5594,858,1463,266,23,241,821,90,22,616,1386,0.262,0.339,0.447,0.785,105,2498,119,64,18,56,22,1184,NYY,2017,25,27.8,4.07,91,71,0.562,3.72,162,160,2,7,1,36,1448.2,599,4,83,6078,121,3.88,1.209,7.8,1.2,3.1,9.7,3.1,51,1468,5909,102,0.703,95,0.984,13038.0,4346,19,2,25,2,0,171746342,6360976,2290000,8.234887495855997,2.0,0,0,10,1
2017OAK,54,28.7,4.56,162,6126,5464,739,1344,305,15,234,708,57,22,565,1491,0.246,0.319,0.436,0.755,103,2381,129,43,13,40,15,1075,OAK,2017,28,27.9,5.1,75,87,0.463,4.67,162,161,1,6,1,35,1431.0,743,3,84,6167,91,4.57,1.36,9.1,1.3,3.2,7.6,2.39,54,1597,6011,162,0.686,121,0.98,12879.0,4293,-48,-1,-41,-4,0,70171667,2339056,560000,7.846161793762704,5.0,0,0,7,1
2017SEA,61,29.5,4.63,162,6166,5551,750,1436,281,17,200,714,89,35,487,1267,0.259,0.325,0.424,0.749,102,2351,131,78,14,35,31,1084,SEA,2017,40,27.8,4.77,78,84,0.481,4.46,162,161,1,9,0,39,1440.1,713,7,73,6132,95,4.7,1.312,8.7,1.5,3.1,7.8,2.54,61,1422,5847,147,0.7,103,0.982,12963.0,4322,6,1,10,1,1,142207720,4740257,1212500,8.152923173485123,4.0,0,0,2,0
2017TBD,53,28.3,4.28,162,6147,5478,694,1340,226,32,228,671,88,34,545,1538,0.245,0.317,0.422,0.739,101,2314,115,55,16,48,33,1114,TBD,2017,30,27.6,4.35,80,82,0.494,3.97,162,162,0,9,0,53,1445.0,638,4,83,6099,104,4.17,1.264,8.2,1.2,3.1,8.4,2.69,53,1433,5868,129,0.701,100,0.983,13005.0,4335,59,1,26,2,0,68296366,2203109,1300000,7.834397595802549,3.0,0,0,3,1
2017TEX,51,28.3,4.93,162,6122,5430,799,1326,255,21,237,756,113,44,544,1493,0.244,0.32,0.43,0.75,93,2334,110,81,27,39,18,1015,TEX,2017,31,28.8,5.04,78,84,0.481,4.66,162,160,2,6,1,29,1434.1,742,7,63,6211,100,4.88,1.396,9.1,1.3,3.5,6.9,1.98,51,1616,6027,173,0.695,108,0.982,12909.0,4303,-1,0,50,5,0,172431396,5225194,1750000,8.236616344250587,3.0,0,0,3,1
2017TOR,60,30.9,4.28,162,6154,5499,693,1320,269,5,222,661,53,24,542,1327,0.24,0.312,0.412,0.724,88,2265,153,51,25,35,12,1064,TOR,2017,33,28.8,4.84,76,86,0.469,4.42,162,160,2,6,0,45,1465.0,720,4,53,6316,105,4.31,1.371,9.0,1.2,3.4,8.4,2.5,60,1570,6057,145,0.682,92,0.985,13185.0,4395,-17,-2,-28,-3,0,142315867,5270958,2887500,8.153253322897982,4.0,0,0,5,1
